variable,variable_name,variable_url,spectra_type,subset,geo,model,model_path,model_summary,description,pca.model.mir,pca.model.visnir,pca.model_path,accuracy_plot_png,R_square,RSME,N,pca_plot_rds,model_wasabi_url,model_wasabi_size_MB,pca.model_wasabi_url
log..oc_usda.calc_wpct,Soil organic carbon content in wpct,https://soilspectroscopy.github.io/ossl-manual/database.html#oc_usda.calc_wpct,mir,kssl,na,mir_mlr..eml_kssl_na_v1.rds,/soilspectroscopy/ossl_models/log..oc_usda.calc_wpct/,http://s3.us-east-1.wasabisys.com/soilspectroscopy/ossl_models/log..oc_usda.calc_wpct/mir_mlr..eml_kssl_na_v1_resultsFit.txt,Ensemble ML model to predict Soil organic carbon content in wpct using kssl data,mpca_mir_kssl_v1.rds,,/soilspectroscopy/ossl_models/pca.ossl/,http://s3.us-east-1.wasabisys.com/soilspectroscopy/ossl_models/log..oc_usda.calc_wpct/ap.mir_mlr..eml_kssl_na_v1.rds.png,0.982,0.154,57400,/ossl_models/pca.ossl/mpca_mir_kssl_plot.rds,http://s3.us-east-1.wasabisys.com/soilspectroscopy/ossl_models/log..oc_usda.calc_wpct/mir_mlr..eml_kssl_na_v1.rds,,http://s3.us-east-1.wasabisys.com/soilspectroscopy/ossl_models/pca.ossl/mpca_mir_kssl_v1.rds
log..oc_usda.calc_wpct,Soil organic carbon content in wpct,https://soilspectroscopy.github.io/ossl-manual/database.html#oc_usda.calc_wpct,mir,kssl,ll,mir_mlr..eml_kssl_ll_v1.rds,/soilspectroscopy/ossl_models/log..oc_usda.calc_wpct/,http://s3.us-east-1.wasabisys.com/soilspectroscopy/ossl_models/log..oc_usda.calc_wpct/mir_mlr..eml_kssl_ll_v1_resultsFit.txt,Ensemble ML model to predict Soil organic carbon content in wpct using kssl data,mpca_mir_kssl_v1.rds,,/soilspectroscopy/ossl_models/pca.ossl/,http://s3.us-east-1.wasabisys.com/soilspectroscopy/ossl_models/log..oc_usda.calc_wpct/ap.mir_mlr..eml_kssl_ll_v1.rds.png,0.962,0.18,14781,/ossl_models/pca.ossl/mpca_mir_kssl_plot.rds,http://s3.us-east-1.wasabisys.com/soilspectroscopy/ossl_models/log..oc_usda.calc_wpct/mir_mlr..eml_kssl_ll_v1.rds,,http://s3.us-east-1.wasabisys.com/soilspectroscopy/ossl_models/pca.ossl/mpca_mir_kssl_v1.rds
log..oc_usda.calc_wpct,Soil organic carbon content in wpct,https://soilspectroscopy.github.io/ossl-manual/database.html#oc_usda.calc_wpct,visnir,ossl,na,visnir_mlr..eml_ossl_na_v1.rds,/soilspectroscopy/ossl_models/log..oc_usda.calc_wpct/,http://s3.us-east-1.wasabisys.com/soilspectroscopy/ossl_models/log..oc_usda.calc_wpct/visnir_mlr..eml_ossl_na_v1_resultsFit.txt,Ensemble ML model to predict Soil organic carbon content in wpct using ossl data,,mpca_visnir_ossl_v1.rds,/soilspectroscopy/ossl_models/pca.ossl/,http://s3.us-east-1.wasabisys.com/soilspectroscopy/ossl_models/log..oc_usda.calc_wpct/ap.visnir_mlr..eml_ossl_na_v1.rds.png,0.902,0.358,58072,/ossl_models/pca.ossl/mpca_visnir_ossl_plot.rds,http://s3.us-east-1.wasabisys.com/soilspectroscopy/ossl_models/log..oc_usda.calc_wpct/visnir_mlr..eml_ossl_na_v1.rds,,http://s3.us-east-1.wasabisys.com/soilspectroscopy/ossl_models/pca.ossl/
log..oc_usda.calc_wpct,Soil organic carbon content in wpct,https://soilspectroscopy.github.io/ossl-manual/database.html#oc_usda.calc_wpct,mir,ossl,ll,mir_mlr..eml_ossl_ll_v1.rds,/soilspectroscopy/ossl_models/log..oc_usda.calc_wpct/,http://s3.us-east-1.wasabisys.com/soilspectroscopy/ossl_models/log..oc_usda.calc_wpct/mir_mlr..eml_ossl_ll_v1_resultsFit.txt,Ensemble ML model to predict Soil organic carbon content in wpct using ossl data,mpca_mir_ossl_v1.rds,,/soilspectroscopy/ossl_models/pca.ossl/,http://s3.us-east-1.wasabisys.com/soilspectroscopy/ossl_models/log..oc_usda.calc_wpct/ap.mir_mlr..eml_ossl_ll_v1.rds.png,0.952,0.19,17950,/ossl_models/pca.ossl/mpca_mir_ossl_plot.rds,http://s3.us-east-1.wasabisys.com/soilspectroscopy/ossl_models/log..oc_usda.calc_wpct/mir_mlr..eml_ossl_ll_v1.rds,,http://s3.us-east-1.wasabisys.com/soilspectroscopy/ossl_models/pca.ossl/mpca_mir_ossl_v1.rds
log..oc_usda.calc_wpct,Soil organic carbon content in wpct,https://soilspectroscopy.github.io/ossl-manual/database.html#oc_usda.calc_wpct,visnir.mir,ossl,ll,visnir.mir_mlr..eml_ossl_ll_v1.rds,/soilspectroscopy/ossl_models/log..oc_usda.calc_wpct/,http://s3.us-east-1.wasabisys.com/soilspectroscopy/ossl_models/log..oc_usda.calc_wpct/visnir.mir_mlr..eml_ossl_ll_v1_resultsFit.txt,Ensemble ML model to predict Soil organic carbon content in wpct using ossl data,mpca_mir_ossl_v1.rds,mpca_visnir_ossl_v1.rds,/soilspectroscopy/ossl_models/pca.ossl/,http://s3.us-east-1.wasabisys.com/soilspectroscopy/ossl_models/log..oc_usda.calc_wpct/ap.visnir.mir_mlr..eml_ossl_ll_v1.rds.png,0.953,0.186,17855,/ossl_models/pca.ossl/mpca_mir_visnir_ossl_plot.rds,http://s3.us-east-1.wasabisys.com/soilspectroscopy/ossl_models/log..oc_usda.calc_wpct/visnir.mir_mlr..eml_ossl_ll_v1.rds,,http://s3.us-east-1.wasabisys.com/soilspectroscopy/ossl_models/pca.ossl/mpca_mir_ossl_v1.rds
log..n.tot_usda.4h2_wpct,Total Nitrogen in wpct,https://soilspectroscopy.github.io/ossl-manual/database.html#n.tot_usda.4h2_wpct,mir,kssl,na,mir_mlr..eml_kssl_na_v1.rds,/soilspectroscopy/ossl_models/log..n.tot_usda.4h2_wpct/,http://s3.us-east-1.wasabisys.com/soilspectroscopy/ossl_models/log..n.tot_usda.4h2_wpct/mir_mlr..eml_kssl_na_v1_resultsFit.txt,Ensemble ML model to predict Total Nitrogen in wpct using kssl data,mpca_mir_kssl_v1.rds,,/soilspectroscopy/ossl_models/pca.ossl/,http://s3.us-east-1.wasabisys.com/soilspectroscopy/ossl_models/log..n.tot_usda.4h2_wpct/ap.mir_mlr..eml_kssl_na_v1.rds.png,0.932,0.086,57728,/ossl_models/pca.ossl/mpca_mir_kssl_plot.rds,http://s3.us-east-1.wasabisys.com/soilspectroscopy/ossl_models/log..n.tot_usda.4h2_wpct/mir_mlr..eml_kssl_na_v1.rds,,http://s3.us-east-1.wasabisys.com/soilspectroscopy/ossl_models/pca.ossl/mpca_mir_kssl_v1.rds
log..n.tot_usda.4h2_wpct,Total Nitrogen in wpct,https://soilspectroscopy.github.io/ossl-manual/database.html#n.tot_usda.4h2_wpct,mir,kssl,ll,mir_mlr..eml_kssl_ll_v1.rds,/soilspectroscopy/ossl_models/log..n.tot_usda.4h2_wpct/,http://s3.us-east-1.wasabisys.com/soilspectroscopy/ossl_models/log..n.tot_usda.4h2_wpct/mir_mlr..eml_kssl_ll_v1_resultsFit.txt,Ensemble ML model to predict Total Nitrogen in wpct using kssl data,mpca_mir_kssl_v1.rds,,/soilspectroscopy/ossl_models/pca.ossl/,http://s3.us-east-1.wasabisys.com/soilspectroscopy/ossl_models/log..n.tot_usda.4h2_wpct/ap.mir_mlr..eml_kssl_ll_v1.rds.png,0.952,0.057,15035,/ossl_models/pca.ossl/mpca_mir_kssl_plot.rds,http://s3.us-east-1.wasabisys.com/soilspectroscopy/ossl_models/log..n.tot_usda.4h2_wpct/mir_mlr..eml_kssl_ll_v1.rds,,http://s3.us-east-1.wasabisys.com/soilspectroscopy/ossl_models/pca.ossl/mpca_mir_kssl_v1.rds
log..n.tot_usda.4h2_wpct,Total Nitrogen in wpct,https://soilspectroscopy.github.io/ossl-manual/database.html#n.tot_usda.4h2_wpct,visnir,ossl,na,visnir_mlr..eml_ossl_na_v1.rds,/soilspectroscopy/ossl_models/log..n.tot_usda.4h2_wpct/,http://s3.us-east-1.wasabisys.com/soilspectroscopy/ossl_models/log..n.tot_usda.4h2_wpct/visnir_mlr..eml_ossl_na_v1_resultsFit.txt,Ensemble ML model to predict Total Nitrogen in wpct using ossl data,,mpca_visnir_ossl_v1.rds,/soilspectroscopy/ossl_models/pca.ossl/,http://s3.us-east-1.wasabisys.com/soilspectroscopy/ossl_models/log..n.tot_usda.4h2_wpct/ap.visnir_mlr..eml_ossl_na_v1.rds.png,0.851,0.126,58440,/ossl_models/pca.ossl/mpca_visnir_ossl_plot.rds,http://s3.us-east-1.wasabisys.com/soilspectroscopy/ossl_models/log..n.tot_usda.4h2_wpct/visnir_mlr..eml_ossl_na_v1.rds,,http://s3.us-east-1.wasabisys.com/soilspectroscopy/ossl_models/pca.ossl/
log..n.tot_usda.4h2_wpct,Total Nitrogen in wpct,https://soilspectroscopy.github.io/ossl-manual/database.html#n.tot_usda.4h2_wpct,mir,ossl,ll,mir_mlr..eml_ossl_ll_v1.rds,/soilspectroscopy/ossl_models/log..n.tot_usda.4h2_wpct/,http://s3.us-east-1.wasabisys.com/soilspectroscopy/ossl_models/log..n.tot_usda.4h2_wpct/mir_mlr..eml_ossl_ll_v1_resultsFit.txt,Ensemble ML model to predict Total Nitrogen in wpct using ossl data,mpca_mir_ossl_v1.rds,,/soilspectroscopy/ossl_models/pca.ossl/,http://s3.us-east-1.wasabisys.com/soilspectroscopy/ossl_models/log..n.tot_usda.4h2_wpct/ap.mir_mlr..eml_ossl_ll_v1.rds.png,0.933,0.064,17395,/ossl_models/pca.ossl/mpca_mir_ossl_plot.rds,http://s3.us-east-1.wasabisys.com/soilspectroscopy/ossl_models/log..n.tot_usda.4h2_wpct/mir_mlr..eml_ossl_ll_v1.rds,,http://s3.us-east-1.wasabisys.com/soilspectroscopy/ossl_models/pca.ossl/mpca_mir_ossl_v1.rds
log..n.tot_usda.4h2_wpct,Total Nitrogen in wpct,https://soilspectroscopy.github.io/ossl-manual/database.html#n.tot_usda.4h2_wpct,visnir.mir,ossl,ll,visnir.mir_mlr..eml_ossl_ll_v1.rds,/soilspectroscopy/ossl_models/log..n.tot_usda.4h2_wpct/,http://s3.us-east-1.wasabisys.com/soilspectroscopy/ossl_models/log..n.tot_usda.4h2_wpct/visnir.mir_mlr..eml_ossl_ll_v1_resultsFit.txt,Ensemble ML model to predict Total Nitrogen in wpct using ossl data,mpca_mir_ossl_v1.rds,mpca_visnir_ossl_v1.rds,/soilspectroscopy/ossl_models/pca.ossl/,http://s3.us-east-1.wasabisys.com/soilspectroscopy/ossl_models/log..n.tot_usda.4h2_wpct/ap.visnir.mir_mlr..eml_ossl_ll_v1.rds.png,0.936,0.061,17300,/ossl_models/pca.ossl/mpca_mir_visnir_ossl_plot.rds,http://s3.us-east-1.wasabisys.com/soilspectroscopy/ossl_models/log..n.tot_usda.4h2_wpct/visnir.mir_mlr..eml_ossl_ll_v1.rds,,http://s3.us-east-1.wasabisys.com/soilspectroscopy/ossl_models/pca.ossl/mpca_mir_ossl_v1.rds
silt.tot_usda.3a1_wpct,Total silt (USDA system) content in wpct,https://soilspectroscopy.github.io/ossl-manual/database.html#silt.tot_usda.3a1_wpct,mir,kssl,na,mir_mlr..eml_kssl_na_v1.rds,/soilspectroscopy/ossl_models/silt.tot_usda.3a1_wpct/,http://s3.us-east-1.wasabisys.com/soilspectroscopy/ossl_models/silt.tot_usda.3a1_wpct/mir_mlr..eml_kssl_na_v1_resultsFit.txt,Ensemble ML model to predict Total silt (USDA system) content in wpct using kssl data,mpca_mir_kssl_v1.rds,,/soilspectroscopy/ossl_models/pca.ossl/,http://s3.us-east-1.wasabisys.com/soilspectroscopy/ossl_models/silt.tot_usda.3a1_wpct/ap.mir_mlr..eml_kssl_na_v1.rds.png,0.873,8.1,36838,/ossl_models/pca.ossl/mpca_mir_kssl_plot.rds,http://s3.us-east-1.wasabisys.com/soilspectroscopy/ossl_models/silt.tot_usda.3a1_wpct/mir_mlr..eml_kssl_na_v1.rds,,http://s3.us-east-1.wasabisys.com/soilspectroscopy/ossl_models/pca.ossl/mpca_mir_kssl_v1.rds
silt.tot_usda.3a1_wpct,Total silt (USDA system) content in wpct,https://soilspectroscopy.github.io/ossl-manual/database.html#silt.tot_usda.3a1_wpct,mir,kssl,ll,mir_mlr..eml_kssl_ll_v1.rds,/soilspectroscopy/ossl_models/silt.tot_usda.3a1_wpct/,http://s3.us-east-1.wasabisys.com/soilspectroscopy/ossl_models/silt.tot_usda.3a1_wpct/mir_mlr..eml_kssl_ll_v1_resultsFit.txt,Ensemble ML model to predict Total silt (USDA system) content in wpct using kssl data,mpca_mir_kssl_v1.rds,,/soilspectroscopy/ossl_models/pca.ossl/,http://s3.us-east-1.wasabisys.com/soilspectroscopy/ossl_models/silt.tot_usda.3a1_wpct/ap.mir_mlr..eml_kssl_ll_v1.rds.png,0.706,10.4,14398,/ossl_models/pca.ossl/mpca_mir_kssl_plot.rds,http://s3.us-east-1.wasabisys.com/soilspectroscopy/ossl_models/silt.tot_usda.3a1_wpct/mir_mlr..eml_kssl_ll_v1.rds,,http://s3.us-east-1.wasabisys.com/soilspectroscopy/ossl_models/pca.ossl/mpca_mir_kssl_v1.rds
silt.tot_usda.3a1_wpct,Total silt (USDA system) content in wpct,https://soilspectroscopy.github.io/ossl-manual/database.html#silt.tot_usda.3a1_wpct,visnir,ossl,na,visnir_mlr..eml_ossl_na_v1.rds,/soilspectroscopy/ossl_models/silt.tot_usda.3a1_wpct/,http://s3.us-east-1.wasabisys.com/soilspectroscopy/ossl_models/silt.tot_usda.3a1_wpct/visnir_mlr..eml_ossl_na_v1_resultsFit.txt,Ensemble ML model to predict Total silt (USDA system) content in wpct using ossl data,,mpca_visnir_ossl_v1.rds,/soilspectroscopy/ossl_models/pca.ossl/,http://s3.us-east-1.wasabisys.com/soilspectroscopy/ossl_models/silt.tot_usda.3a1_wpct/ap.visnir_mlr..eml_ossl_na_v1.rds.png,0.715,12.2,37464,/ossl_models/pca.ossl/mpca_visnir_ossl_plot.rds,http://s3.us-east-1.wasabisys.com/soilspectroscopy/ossl_models/silt.tot_usda.3a1_wpct/visnir_mlr..eml_ossl_na_v1.rds,,http://s3.us-east-1.wasabisys.com/soilspectroscopy/ossl_models/pca.ossl/
silt.tot_usda.3a1_wpct,Total silt (USDA system) content in wpct,https://soilspectroscopy.github.io/ossl-manual/database.html#silt.tot_usda.3a1_wpct,mir,ossl,ll,mir_mlr..eml_ossl_ll_v1.rds,/soilspectroscopy/ossl_models/silt.tot_usda.3a1_wpct/,http://s3.us-east-1.wasabisys.com/soilspectroscopy/ossl_models/silt.tot_usda.3a1_wpct/mir_mlr..eml_ossl_ll_v1_resultsFit.txt,Ensemble ML model to predict Total silt (USDA system) content in wpct using ossl data,mpca_mir_ossl_v1.rds,,/soilspectroscopy/ossl_models/pca.ossl/,http://s3.us-east-1.wasabisys.com/soilspectroscopy/ossl_models/silt.tot_usda.3a1_wpct/ap.mir_mlr..eml_ossl_ll_v1.rds.png,0.693,11,17560,/ossl_models/pca.ossl/mpca_mir_ossl_plot.rds,http://s3.us-east-1.wasabisys.com/soilspectroscopy/ossl_models/silt.tot_usda.3a1_wpct/mir_mlr..eml_ossl_ll_v1.rds,,http://s3.us-east-1.wasabisys.com/soilspectroscopy/ossl_models/pca.ossl/mpca_mir_ossl_v1.rds
silt.tot_usda.3a1_wpct,Total silt (USDA system) content in wpct,https://soilspectroscopy.github.io/ossl-manual/database.html#silt.tot_usda.3a1_wpct,visnir.mir,ossl,ll,visnir.mir_mlr..eml_ossl_ll_v1.rds,/soilspectroscopy/ossl_models/silt.tot_usda.3a1_wpct/,http://s3.us-east-1.wasabisys.com/soilspectroscopy/ossl_models/silt.tot_usda.3a1_wpct/visnir.mir_mlr..eml_ossl_ll_v1_resultsFit.txt,Ensemble ML model to predict Total silt (USDA system) content in wpct using ossl data,mpca_mir_ossl_v1.rds,mpca_visnir_ossl_v1.rds,/soilspectroscopy/ossl_models/pca.ossl/,http://s3.us-east-1.wasabisys.com/soilspectroscopy/ossl_models/silt.tot_usda.3a1_wpct/ap.visnir.mir_mlr..eml_ossl_ll_v1.rds.png,0.753,9.8,17467,/ossl_models/pca.ossl/mpca_mir_visnir_ossl_plot.rds,http://s3.us-east-1.wasabisys.com/soilspectroscopy/ossl_models/silt.tot_usda.3a1_wpct/visnir.mir_mlr..eml_ossl_ll_v1.rds,,http://s3.us-east-1.wasabisys.com/soilspectroscopy/ossl_models/pca.ossl/mpca_mir_ossl_v1.rds
clay.tot_usda.3a1_wpct,Total clay (USDA system) content in wpct,https://soilspectroscopy.github.io/ossl-manual/database.html#clay.tot_usda.3a1_wpct,mir,kssl,na,mir_mlr..eml_kssl_na_v1.rds,/soilspectroscopy/ossl_models/clay.tot_usda.3a1_wpct/,http://s3.us-east-1.wasabisys.com/soilspectroscopy/ossl_models/clay.tot_usda.3a1_wpct/mir_mlr..eml_kssl_na_v1_resultsFit.txt,Ensemble ML model to predict Total clay (USDA system) content in wpct using kssl data,mpca_mir_kssl_v1.rds,,/soilspectroscopy/ossl_models/pca.ossl/,http://s3.us-east-1.wasabisys.com/soilspectroscopy/ossl_models/clay.tot_usda.3a1_wpct/ap.mir_mlr..eml_kssl_na_v1.rds.png,0.876,4.9,36824,/ossl_models/pca.ossl/mpca_mir_kssl_plot.rds,http://s3.us-east-1.wasabisys.com/soilspectroscopy/ossl_models/clay.tot_usda.3a1_wpct/mir_mlr..eml_kssl_na_v1.rds,,http://s3.us-east-1.wasabisys.com/soilspectroscopy/ossl_models/pca.ossl/mpca_mir_kssl_v1.rds
clay.tot_usda.3a1_wpct,Total clay (USDA system) content in wpct,https://soilspectroscopy.github.io/ossl-manual/database.html#clay.tot_usda.3a1_wpct,mir,kssl,ll,mir_mlr..eml_kssl_ll_v1.rds,/soilspectroscopy/ossl_models/clay.tot_usda.3a1_wpct/,http://s3.us-east-1.wasabisys.com/soilspectroscopy/ossl_models/clay.tot_usda.3a1_wpct/mir_mlr..eml_kssl_ll_v1_resultsFit.txt,Ensemble ML model to predict Total clay (USDA system) content in wpct using kssl data,mpca_mir_kssl_v1.rds,,/soilspectroscopy/ossl_models/pca.ossl/,http://s3.us-east-1.wasabisys.com/soilspectroscopy/ossl_models/clay.tot_usda.3a1_wpct/ap.mir_mlr..eml_kssl_ll_v1.rds.png,0.853,6,14388,/ossl_models/pca.ossl/mpca_mir_kssl_plot.rds,http://s3.us-east-1.wasabisys.com/soilspectroscopy/ossl_models/clay.tot_usda.3a1_wpct/mir_mlr..eml_kssl_ll_v1.rds,,http://s3.us-east-1.wasabisys.com/soilspectroscopy/ossl_models/pca.ossl/mpca_mir_kssl_v1.rds
clay.tot_usda.3a1_wpct,Total clay (USDA system) content in wpct,https://soilspectroscopy.github.io/ossl-manual/database.html#clay.tot_usda.3a1_wpct,visnir,ossl,na,visnir_mlr..eml_ossl_na_v1.rds,/soilspectroscopy/ossl_models/clay.tot_usda.3a1_wpct/,http://s3.us-east-1.wasabisys.com/soilspectroscopy/ossl_models/clay.tot_usda.3a1_wpct/visnir_mlr..eml_ossl_na_v1_resultsFit.txt,Ensemble ML model to predict Total clay (USDA system) content in wpct using ossl data,,mpca_visnir_ossl_v1.rds,/soilspectroscopy/ossl_models/pca.ossl/,http://s3.us-east-1.wasabisys.com/soilspectroscopy/ossl_models/clay.tot_usda.3a1_wpct/ap.visnir_mlr..eml_ossl_na_v1.rds.png,0.733,7.3,37465,/ossl_models/pca.ossl/mpca_visnir_ossl_plot.rds,http://s3.us-east-1.wasabisys.com/soilspectroscopy/ossl_models/clay.tot_usda.3a1_wpct/visnir_mlr..eml_ossl_na_v1.rds,,http://s3.us-east-1.wasabisys.com/soilspectroscopy/ossl_models/pca.ossl/
clay.tot_usda.3a1_wpct,Total clay (USDA system) content in wpct,https://soilspectroscopy.github.io/ossl-manual/database.html#clay.tot_usda.3a1_wpct,mir,ossl,ll,mir_mlr..eml_ossl_ll_v1.rds,/soilspectroscopy/ossl_models/clay.tot_usda.3a1_wpct/,http://s3.us-east-1.wasabisys.com/soilspectroscopy/ossl_models/clay.tot_usda.3a1_wpct/mir_mlr..eml_ossl_ll_v1_resultsFit.txt,Ensemble ML model to predict Total clay (USDA system) content in wpct using ossl data,mpca_mir_ossl_v1.rds,,/soilspectroscopy/ossl_models/pca.ossl/,http://s3.us-east-1.wasabisys.com/soilspectroscopy/ossl_models/clay.tot_usda.3a1_wpct/ap.mir_mlr..eml_ossl_ll_v1.rds.png,0.83,7.2,17545,/ossl_models/pca.ossl/mpca_mir_ossl_plot.rds,http://s3.us-east-1.wasabisys.com/soilspectroscopy/ossl_models/clay.tot_usda.3a1_wpct/mir_mlr..eml_ossl_ll_v1.rds,,http://s3.us-east-1.wasabisys.com/soilspectroscopy/ossl_models/pca.ossl/mpca_mir_ossl_v1.rds
clay.tot_usda.3a1_wpct,Total clay (USDA system) content in wpct,https://soilspectroscopy.github.io/ossl-manual/database.html#clay.tot_usda.3a1_wpct,visnir.mir,ossl,ll,visnir.mir_mlr..eml_ossl_ll_v1.rds,/soilspectroscopy/ossl_models/clay.tot_usda.3a1_wpct/,http://s3.us-east-1.wasabisys.com/soilspectroscopy/ossl_models/clay.tot_usda.3a1_wpct/visnir.mir_mlr..eml_ossl_ll_v1_resultsFit.txt,Ensemble ML model to predict Total clay (USDA system) content in wpct using ossl data,mpca_mir_ossl_v1.rds,mpca_visnir_ossl_v1.rds,/soilspectroscopy/ossl_models/pca.ossl/,http://s3.us-east-1.wasabisys.com/soilspectroscopy/ossl_models/clay.tot_usda.3a1_wpct/ap.visnir.mir_mlr..eml_ossl_ll_v1.rds.png,0.843,6.9,17452,/ossl_models/pca.ossl/mpca_mir_visnir_ossl_plot.rds,http://s3.us-east-1.wasabisys.com/soilspectroscopy/ossl_models/clay.tot_usda.3a1_wpct/visnir.mir_mlr..eml_ossl_ll_v1.rds,,http://s3.us-east-1.wasabisys.com/soilspectroscopy/ossl_models/pca.ossl/mpca_mir_ossl_v1.rds
sand.tot_usda.3a1_wpct,Total sand (USDA system) content in wpct,https://soilspectroscopy.github.io/ossl-manual/database.html#sand.tot_usda.3a1_wpct,mir,kssl,na,mir_mlr..eml_kssl_na_v1.rds,/soilspectroscopy/ossl_models/sand.tot_usda.3a1_wpct/,http://s3.us-east-1.wasabisys.com/soilspectroscopy/ossl_models/sand.tot_usda.3a1_wpct/mir_mlr..eml_kssl_na_v1_resultsFit.txt,Ensemble ML model to predict Total sand (USDA system) content in wpct using kssl data,mpca_mir_kssl_v1.rds,,/soilspectroscopy/ossl_models/pca.ossl/,http://s3.us-east-1.wasabisys.com/soilspectroscopy/ossl_models/sand.tot_usda.3a1_wpct/ap.mir_mlr..eml_kssl_na_v1.rds.png,0.897,9.85,36838,/ossl_models/pca.ossl/mpca_mir_kssl_plot.rds,http://s3.us-east-1.wasabisys.com/soilspectroscopy/ossl_models/sand.tot_usda.3a1_wpct/mir_mlr..eml_kssl_na_v1.rds,,http://s3.us-east-1.wasabisys.com/soilspectroscopy/ossl_models/pca.ossl/mpca_mir_kssl_v1.rds
sand.tot_usda.3a1_wpct,Total sand (USDA system) content in wpct,https://soilspectroscopy.github.io/ossl-manual/database.html#sand.tot_usda.3a1_wpct,mir,kssl,ll,mir_mlr..eml_kssl_ll_v1.rds,/soilspectroscopy/ossl_models/sand.tot_usda.3a1_wpct/,http://s3.us-east-1.wasabisys.com/soilspectroscopy/ossl_models/sand.tot_usda.3a1_wpct/mir_mlr..eml_kssl_ll_v1_resultsFit.txt,Ensemble ML model to predict Total sand (USDA system) content in wpct using kssl data,mpca_mir_kssl_v1.rds,,/soilspectroscopy/ossl_models/pca.ossl/,http://s3.us-east-1.wasabisys.com/soilspectroscopy/ossl_models/sand.tot_usda.3a1_wpct/ap.mir_mlr..eml_kssl_ll_v1.rds.png,0.821,11.9,14398,/ossl_models/pca.ossl/mpca_mir_kssl_plot.rds,http://s3.us-east-1.wasabisys.com/soilspectroscopy/ossl_models/sand.tot_usda.3a1_wpct/mir_mlr..eml_kssl_ll_v1.rds,,http://s3.us-east-1.wasabisys.com/soilspectroscopy/ossl_models/pca.ossl/mpca_mir_kssl_v1.rds
sand.tot_usda.3a1_wpct,Total sand (USDA system) content in wpct,https://soilspectroscopy.github.io/ossl-manual/database.html#sand.tot_usda.3a1_wpct,visnir,ossl,na,visnir_mlr..eml_ossl_na_v1.rds,/soilspectroscopy/ossl_models/sand.tot_usda.3a1_wpct/,http://s3.us-east-1.wasabisys.com/soilspectroscopy/ossl_models/sand.tot_usda.3a1_wpct/visnir_mlr..eml_ossl_na_v1_resultsFit.txt,Ensemble ML model to predict Total sand (USDA system) content in wpct using ossl data,,mpca_visnir_ossl_v1.rds,/soilspectroscopy/ossl_models/pca.ossl/,http://s3.us-east-1.wasabisys.com/soilspectroscopy/ossl_models/sand.tot_usda.3a1_wpct/ap.visnir_mlr..eml_ossl_na_v1.rds.png,0.732,15.9,37464,/ossl_models/pca.ossl/mpca_visnir_ossl_plot.rds,http://s3.us-east-1.wasabisys.com/soilspectroscopy/ossl_models/sand.tot_usda.3a1_wpct/visnir_mlr..eml_ossl_na_v1.rds,,http://s3.us-east-1.wasabisys.com/soilspectroscopy/ossl_models/pca.ossl/
sand.tot_usda.3a1_wpct,Total sand (USDA system) content in wpct,https://soilspectroscopy.github.io/ossl-manual/database.html#sand.tot_usda.3a1_wpct,mir,ossl,ll,mir_mlr..eml_ossl_ll_v1.rds,/soilspectroscopy/ossl_models/sand.tot_usda.3a1_wpct/,http://s3.us-east-1.wasabisys.com/soilspectroscopy/ossl_models/sand.tot_usda.3a1_wpct/mir_mlr..eml_ossl_ll_v1_resultsFit.txt,Ensemble ML model to predict Total sand (USDA system) content in wpct using ossl data,mpca_mir_ossl_v1.rds,,/soilspectroscopy/ossl_models/pca.ossl/,http://s3.us-east-1.wasabisys.com/soilspectroscopy/ossl_models/sand.tot_usda.3a1_wpct/ap.mir_mlr..eml_ossl_ll_v1.rds.png,0.799,12.7,17508,/ossl_models/pca.ossl/mpca_mir_ossl_plot.rds,http://s3.us-east-1.wasabisys.com/soilspectroscopy/ossl_models/sand.tot_usda.3a1_wpct/mir_mlr..eml_ossl_ll_v1.rds,,http://s3.us-east-1.wasabisys.com/soilspectroscopy/ossl_models/pca.ossl/mpca_mir_ossl_v1.rds
sand.tot_usda.3a1_wpct,Total sand (USDA system) content in wpct,https://soilspectroscopy.github.io/ossl-manual/database.html#sand.tot_usda.3a1_wpct,visnir.mir,ossl,ll,visnir.mir_mlr..eml_ossl_ll_v1.rds,/soilspectroscopy/ossl_models/sand.tot_usda.3a1_wpct/,http://s3.us-east-1.wasabisys.com/soilspectroscopy/ossl_models/sand.tot_usda.3a1_wpct/visnir.mir_mlr..eml_ossl_ll_v1_resultsFit.txt,Ensemble ML model to predict Total sand (USDA system) content in wpct using ossl data,mpca_mir_ossl_v1.rds,mpca_visnir_ossl_v1.rds,/soilspectroscopy/ossl_models/pca.ossl/,http://s3.us-east-1.wasabisys.com/soilspectroscopy/ossl_models/sand.tot_usda.3a1_wpct/ap.visnir.mir_mlr..eml_ossl_ll_v1.rds.png,0.834,11.5,17415,/ossl_models/pca.ossl/mpca_mir_visnir_ossl_plot.rds,http://s3.us-east-1.wasabisys.com/soilspectroscopy/ossl_models/sand.tot_usda.3a1_wpct/visnir.mir_mlr..eml_ossl_ll_v1.rds,,http://s3.us-east-1.wasabisys.com/soilspectroscopy/ossl_models/pca.ossl/mpca_mir_ossl_v1.rds
log..ecec_usda.4b4_cmolkg,Effective Effective Cation Exchange Capacity in cmol/kg,https://soilspectroscopy.github.io/ossl-manual/database.html#ecec_usda.4b4_cmolkg,mir,kssl,na,mir_mlr..eml_kssl_na_v1.rds,/soilspectroscopy/ossl_models/log..ecec_usda.4b4_cmolkg/,http://s3.us-east-1.wasabisys.com/soilspectroscopy/ossl_models/log..ecec_usda.4b4_cmolkg/mir_mlr..eml_kssl_na_v1_resultsFit.txt,Ensemble ML model to predict Effective Effective Cation Exchange Capacity in cmol/kg using kssl data,mpca_mir_kssl_v1.rds,,/soilspectroscopy/ossl_models/pca.ossl/,http://s3.us-east-1.wasabisys.com/soilspectroscopy/ossl_models/log..ecec_usda.4b4_cmolkg/ap.mir_mlr..eml_kssl_na_v1.rds.png,0.861,0.273,5981,/ossl_models/pca.ossl/mpca_mir_kssl_plot.rds,http://s3.us-east-1.wasabisys.com/soilspectroscopy/ossl_models/log..ecec_usda.4b4_cmolkg/mir_mlr..eml_kssl_na_v1.rds,,http://s3.us-east-1.wasabisys.com/soilspectroscopy/ossl_models/pca.ossl/mpca_mir_kssl_v1.rds
log..ecec_usda.4b4_cmolkg,Effective Effective Cation Exchange Capacity in cmol/kg,https://soilspectroscopy.github.io/ossl-manual/database.html#ecec_usda.4b4_cmolkg,mir,kssl,ll,mir_mlr..eml_kssl_ll_v1.rds,/soilspectroscopy/ossl_models/log..ecec_usda.4b4_cmolkg/,http://s3.us-east-1.wasabisys.com/soilspectroscopy/ossl_models/log..ecec_usda.4b4_cmolkg/mir_mlr..eml_kssl_ll_v1_resultsFit.txt,Ensemble ML model to predict Effective Effective Cation Exchange Capacity in cmol/kg using kssl data,mpca_mir_kssl_v1.rds,,/soilspectroscopy/ossl_models/pca.ossl/,http://s3.us-east-1.wasabisys.com/soilspectroscopy/ossl_models/log..ecec_usda.4b4_cmolkg/ap.mir_mlr..eml_kssl_ll_v1.rds.png,0.795,0.378,3085,/ossl_models/pca.ossl/mpca_mir_kssl_plot.rds,http://s3.us-east-1.wasabisys.com/soilspectroscopy/ossl_models/log..ecec_usda.4b4_cmolkg/mir_mlr..eml_kssl_ll_v1.rds,,http://s3.us-east-1.wasabisys.com/soilspectroscopy/ossl_models/pca.ossl/mpca_mir_kssl_v1.rds
log..ecec_usda.4b4_cmolkg,Effective Effective Cation Exchange Capacity in cmol/kg,https://soilspectroscopy.github.io/ossl-manual/database.html#ecec_usda.4b4_cmolkg,visnir,ossl,na,visnir_mlr..eml_ossl_na_v1.rds,/soilspectroscopy/ossl_models/log..ecec_usda.4b4_cmolkg/,http://s3.us-east-1.wasabisys.com/soilspectroscopy/ossl_models/log..ecec_usda.4b4_cmolkg/visnir_mlr..eml_ossl_na_v1_resultsFit.txt,Ensemble ML model to predict Effective Effective Cation Exchange Capacity in cmol/kg using ossl data,,mpca_visnir_ossl_v1.rds,/soilspectroscopy/ossl_models/pca.ossl/,http://s3.us-east-1.wasabisys.com/soilspectroscopy/ossl_models/log..ecec_usda.4b4_cmolkg/ap.visnir_mlr..eml_ossl_na_v1.rds.png,0.573,0.482,6125,/ossl_models/pca.ossl/mpca_visnir_ossl_plot.rds,http://s3.us-east-1.wasabisys.com/soilspectroscopy/ossl_models/log..ecec_usda.4b4_cmolkg/visnir_mlr..eml_ossl_na_v1.rds,,http://s3.us-east-1.wasabisys.com/soilspectroscopy/ossl_models/pca.ossl/
log..ecec_usda.4b4_cmolkg,Effective Effective Cation Exchange Capacity in cmol/kg,https://soilspectroscopy.github.io/ossl-manual/database.html#ecec_usda.4b4_cmolkg,mir,ossl,ll,mir_mlr..eml_ossl_ll_v1.rds,/soilspectroscopy/ossl_models/log..ecec_usda.4b4_cmolkg/,http://s3.us-east-1.wasabisys.com/soilspectroscopy/ossl_models/log..ecec_usda.4b4_cmolkg/mir_mlr..eml_ossl_ll_v1_resultsFit.txt,Ensemble ML model to predict Effective Effective Cation Exchange Capacity in cmol/kg using ossl data,mpca_mir_ossl_v1.rds,,/soilspectroscopy/ossl_models/pca.ossl/,http://s3.us-east-1.wasabisys.com/soilspectroscopy/ossl_models/log..ecec_usda.4b4_cmolkg/ap.mir_mlr..eml_ossl_ll_v1.rds.png,0.824,0.43,6090,/ossl_models/pca.ossl/mpca_mir_ossl_plot.rds,http://s3.us-east-1.wasabisys.com/soilspectroscopy/ossl_models/log..ecec_usda.4b4_cmolkg/mir_mlr..eml_ossl_ll_v1.rds,,http://s3.us-east-1.wasabisys.com/soilspectroscopy/ossl_models/pca.ossl/mpca_mir_ossl_v1.rds
log..ecec_usda.4b4_cmolkg,Effective Effective Cation Exchange Capacity in cmol/kg,https://soilspectroscopy.github.io/ossl-manual/database.html#ecec_usda.4b4_cmolkg,visnir.mir,ossl,ll,visnir.mir_mlr..eml_ossl_ll_v1.rds,/soilspectroscopy/ossl_models/log..ecec_usda.4b4_cmolkg/,http://s3.us-east-1.wasabisys.com/soilspectroscopy/ossl_models/log..ecec_usda.4b4_cmolkg/visnir.mir_mlr..eml_ossl_ll_v1_resultsFit.txt,Ensemble ML model to predict Effective Effective Cation Exchange Capacity in cmol/kg using ossl data,mpca_mir_ossl_v1.rds,mpca_visnir_ossl_v1.rds,/soilspectroscopy/ossl_models/pca.ossl/,http://s3.us-east-1.wasabisys.com/soilspectroscopy/ossl_models/log..ecec_usda.4b4_cmolkg/ap.visnir.mir_mlr..eml_ossl_ll_v1.rds.png,0.837,0.413,6088,/ossl_models/pca.ossl/mpca_mir_visnir_ossl_plot.rds,http://s3.us-east-1.wasabisys.com/soilspectroscopy/ossl_models/log..ecec_usda.4b4_cmolkg/visnir.mir_mlr..eml_ossl_ll_v1.rds,,http://s3.us-east-1.wasabisys.com/soilspectroscopy/ossl_models/pca.ossl/mpca_mir_ossl_v1.rds
ph.h2o_usda.4c1_index,Soil pH in 1:1 soil-water suspension,https://soilspectroscopy.github.io/ossl-manual/database.html#ph.h2o_usda.4c1_index,mir,kssl,na,mir_mlr..eml_kssl_na_v1.rds,/soilspectroscopy/ossl_models/ph.h2o_usda.4c1_index/,http://s3.us-east-1.wasabisys.com/soilspectroscopy/ossl_models/ph.h2o_usda.4c1_index/mir_mlr..eml_kssl_na_v1_resultsFit.txt,Ensemble ML model to predict Soil pH in 1:1 soil-water suspension using kssl data,mpca_mir_kssl_v1.rds,,/soilspectroscopy/ossl_models/pca.ossl/,http://s3.us-east-1.wasabisys.com/soilspectroscopy/ossl_models/ph.h2o_usda.4c1_index/ap.mir_mlr..eml_kssl_na_v1.rds.png,0.821,0.457,38013,/ossl_models/pca.ossl/mpca_mir_kssl_plot.rds,http://s3.us-east-1.wasabisys.com/soilspectroscopy/ossl_models/ph.h2o_usda.4c1_index/mir_mlr..eml_kssl_na_v1.rds,,http://s3.us-east-1.wasabisys.com/soilspectroscopy/ossl_models/pca.ossl/mpca_mir_kssl_v1.rds
ph.h2o_usda.4c1_index,Soil pH in 1:1 soil-water suspension,https://soilspectroscopy.github.io/ossl-manual/database.html#ph.h2o_usda.4c1_index,mir,kssl,ll,mir_mlr..eml_kssl_ll_v1.rds,/soilspectroscopy/ossl_models/ph.h2o_usda.4c1_index/,http://s3.us-east-1.wasabisys.com/soilspectroscopy/ossl_models/ph.h2o_usda.4c1_index/mir_mlr..eml_kssl_ll_v1_resultsFit.txt,Ensemble ML model to predict Soil pH in 1:1 soil-water suspension using kssl data,mpca_mir_kssl_v1.rds,,/soilspectroscopy/ossl_models/pca.ossl/,http://s3.us-east-1.wasabisys.com/soilspectroscopy/ossl_models/ph.h2o_usda.4c1_index/ap.mir_mlr..eml_kssl_ll_v1.rds.png,0.821,0.563,14838,/ossl_models/pca.ossl/mpca_mir_kssl_plot.rds,http://s3.us-east-1.wasabisys.com/soilspectroscopy/ossl_models/ph.h2o_usda.4c1_index/mir_mlr..eml_kssl_ll_v1.rds,,http://s3.us-east-1.wasabisys.com/soilspectroscopy/ossl_models/pca.ossl/mpca_mir_kssl_v1.rds
ph.h2o_usda.4c1_index,Soil pH in 1:1 soil-water suspension,https://soilspectroscopy.github.io/ossl-manual/database.html#ph.h2o_usda.4c1_index,visnir,ossl,na,visnir_mlr..eml_ossl_na_v1.rds,/soilspectroscopy/ossl_models/ph.h2o_usda.4c1_index/,http://s3.us-east-1.wasabisys.com/soilspectroscopy/ossl_models/ph.h2o_usda.4c1_index/visnir_mlr..eml_ossl_na_v1_resultsFit.txt,Ensemble ML model to predict Soil pH in 1:1 soil-water suspension using ossl data,,mpca_visnir_ossl_v1.rds,/soilspectroscopy/ossl_models/pca.ossl/,http://s3.us-east-1.wasabisys.com/soilspectroscopy/ossl_models/ph.h2o_usda.4c1_index/ap.visnir_mlr..eml_ossl_na_v1.rds.png,0.643,0.648,38672,/ossl_models/pca.ossl/mpca_visnir_ossl_plot.rds,http://s3.us-east-1.wasabisys.com/soilspectroscopy/ossl_models/ph.h2o_usda.4c1_index/visnir_mlr..eml_ossl_na_v1.rds,,http://s3.us-east-1.wasabisys.com/soilspectroscopy/ossl_models/pca.ossl/
ph.h2o_usda.4c1_index,Soil pH in 1:1 soil-water suspension,https://soilspectroscopy.github.io/ossl-manual/database.html#ph.h2o_usda.4c1_index,mir,ossl,ll,mir_mlr..eml_ossl_ll_v1.rds,/soilspectroscopy/ossl_models/ph.h2o_usda.4c1_index/,http://s3.us-east-1.wasabisys.com/soilspectroscopy/ossl_models/ph.h2o_usda.4c1_index/mir_mlr..eml_ossl_ll_v1_resultsFit.txt,Ensemble ML model to predict Soil pH in 1:1 soil-water suspension using ossl data,mpca_mir_ossl_v1.rds,,/soilspectroscopy/ossl_models/pca.ossl/,http://s3.us-east-1.wasabisys.com/soilspectroscopy/ossl_models/ph.h2o_usda.4c1_index/ap.mir_mlr..eml_ossl_ll_v1.rds.png,0.817,0.583,18039,/ossl_models/pca.ossl/mpca_mir_ossl_plot.rds,http://s3.us-east-1.wasabisys.com/soilspectroscopy/ossl_models/ph.h2o_usda.4c1_index/mir_mlr..eml_ossl_ll_v1.rds,,http://s3.us-east-1.wasabisys.com/soilspectroscopy/ossl_models/pca.ossl/mpca_mir_ossl_v1.rds
ph.h2o_usda.4c1_index,Soil pH in 1:1 soil-water suspension,https://soilspectroscopy.github.io/ossl-manual/database.html#ph.h2o_usda.4c1_index,visnir.mir,ossl,ll,visnir.mir_mlr..eml_ossl_ll_v1.rds,/soilspectroscopy/ossl_models/ph.h2o_usda.4c1_index/,http://s3.us-east-1.wasabisys.com/soilspectroscopy/ossl_models/ph.h2o_usda.4c1_index/visnir.mir_mlr..eml_ossl_ll_v1_resultsFit.txt,Ensemble ML model to predict Soil pH in 1:1 soil-water suspension using ossl data,mpca_mir_ossl_v1.rds,mpca_visnir_ossl_v1.rds,/soilspectroscopy/ossl_models/pca.ossl/,http://s3.us-east-1.wasabisys.com/soilspectroscopy/ossl_models/ph.h2o_usda.4c1_index/ap.visnir.mir_mlr..eml_ossl_ll_v1.rds.png,0.826,0.57,17950,/ossl_models/pca.ossl/mpca_mir_visnir_ossl_plot.rds,http://s3.us-east-1.wasabisys.com/soilspectroscopy/ossl_models/ph.h2o_usda.4c1_index/visnir.mir_mlr..eml_ossl_ll_v1.rds,,http://s3.us-east-1.wasabisys.com/soilspectroscopy/ossl_models/pca.ossl/mpca_mir_ossl_v1.rds
ph.cacl2_usda.4c1_index,Soil pH in CaCl suspension,https://soilspectroscopy.github.io/ossl-manual/database.html#ph.cacl2_usda.4c1_index,mir,kssl,na,mir_mlr..eml_kssl_na_v1.rds,/soilspectroscopy/ossl_models/ph.cacl2_usda.4c1_index/,http://s3.us-east-1.wasabisys.com/soilspectroscopy/ossl_models/ph.cacl2_usda.4c1_index/mir_mlr..eml_kssl_na_v1_resultsFit.txt,Ensemble ML model to predict Soil pH in CaCl suspension using kssl data,mpca_mir_kssl_v1.rds,,/soilspectroscopy/ossl_models/pca.ossl/,http://s3.us-east-1.wasabisys.com/soilspectroscopy/ossl_models/ph.cacl2_usda.4c1_index/ap.mir_mlr..eml_kssl_na_v1.rds.png,0.824,0.503,38013,/ossl_models/pca.ossl/mpca_mir_kssl_plot.rds,http://s3.us-east-1.wasabisys.com/soilspectroscopy/ossl_models/ph.cacl2_usda.4c1_index/mir_mlr..eml_kssl_na_v1.rds,,http://s3.us-east-1.wasabisys.com/soilspectroscopy/ossl_models/pca.ossl/mpca_mir_kssl_v1.rds
ph.cacl2_usda.4c1_index,Soil pH in CaCl suspension,https://soilspectroscopy.github.io/ossl-manual/database.html#ph.cacl2_usda.4c1_index,mir,kssl,ll,mir_mlr..eml_kssl_ll_v1.rds,/soilspectroscopy/ossl_models/ph.cacl2_usda.4c1_index/,http://s3.us-east-1.wasabisys.com/soilspectroscopy/ossl_models/ph.cacl2_usda.4c1_index/mir_mlr..eml_kssl_ll_v1_resultsFit.txt,Ensemble ML model to predict Soil pH in CaCl suspension using kssl data,mpca_mir_kssl_v1.rds,,/soilspectroscopy/ossl_models/pca.ossl/,http://s3.us-east-1.wasabisys.com/soilspectroscopy/ossl_models/ph.cacl2_usda.4c1_index/ap.mir_mlr..eml_kssl_ll_v1.rds.png,0.85,0.558,14838,/ossl_models/pca.ossl/mpca_mir_kssl_plot.rds,http://s3.us-east-1.wasabisys.com/soilspectroscopy/ossl_models/ph.cacl2_usda.4c1_index/mir_mlr..eml_kssl_ll_v1.rds,,http://s3.us-east-1.wasabisys.com/soilspectroscopy/ossl_models/pca.ossl/mpca_mir_kssl_v1.rds
ph.cacl2_usda.4c1_index,Soil pH in CaCl suspension,https://soilspectroscopy.github.io/ossl-manual/database.html#ph.cacl2_usda.4c1_index,visnir,ossl,na,visnir_mlr..eml_ossl_na_v1.rds,/soilspectroscopy/ossl_models/ph.cacl2_usda.4c1_index/,http://s3.us-east-1.wasabisys.com/soilspectroscopy/ossl_models/ph.cacl2_usda.4c1_index/visnir_mlr..eml_ossl_na_v1_resultsFit.txt,Ensemble ML model to predict Soil pH in CaCl suspension using ossl data,,mpca_visnir_ossl_v1.rds,/soilspectroscopy/ossl_models/pca.ossl/,http://s3.us-east-1.wasabisys.com/soilspectroscopy/ossl_models/ph.cacl2_usda.4c1_index/ap.visnir_mlr..eml_ossl_na_v1.rds.png,0.627,0.733,38672,/ossl_models/pca.ossl/mpca_visnir_ossl_plot.rds,http://s3.us-east-1.wasabisys.com/soilspectroscopy/ossl_models/ph.cacl2_usda.4c1_index/visnir_mlr..eml_ossl_na_v1.rds,,http://s3.us-east-1.wasabisys.com/soilspectroscopy/ossl_models/pca.ossl/
ph.cacl2_usda.4c1_index,Soil pH in CaCl suspension,https://soilspectroscopy.github.io/ossl-manual/database.html#ph.cacl2_usda.4c1_index,mir,ossl,ll,mir_mlr..eml_ossl_ll_v1.rds,/soilspectroscopy/ossl_models/ph.cacl2_usda.4c1_index/,http://s3.us-east-1.wasabisys.com/soilspectroscopy/ossl_models/ph.cacl2_usda.4c1_index/mir_mlr..eml_ossl_ll_v1_resultsFit.txt,Ensemble ML model to predict Soil pH in CaCl suspension using ossl data,mpca_mir_ossl_v1.rds,,/soilspectroscopy/ossl_models/pca.ossl/,http://s3.us-east-1.wasabisys.com/soilspectroscopy/ossl_models/ph.cacl2_usda.4c1_index/ap.mir_mlr..eml_ossl_ll_v1.rds.png,0.848,0.561,14838,/ossl_models/pca.ossl/mpca_mir_ossl_plot.rds,http://s3.us-east-1.wasabisys.com/soilspectroscopy/ossl_models/ph.cacl2_usda.4c1_index/mir_mlr..eml_ossl_ll_v1.rds,,http://s3.us-east-1.wasabisys.com/soilspectroscopy/ossl_models/pca.ossl/mpca_mir_ossl_v1.rds
ph.cacl2_usda.4c1_index,Soil pH in CaCl suspension,https://soilspectroscopy.github.io/ossl-manual/database.html#ph.cacl2_usda.4c1_index,visnir.mir,ossl,ll,visnir.mir_mlr..eml_ossl_ll_v1.rds,/soilspectroscopy/ossl_models/ph.cacl2_usda.4c1_index/,http://s3.us-east-1.wasabisys.com/soilspectroscopy/ossl_models/ph.cacl2_usda.4c1_index/visnir.mir_mlr..eml_ossl_ll_v1_resultsFit.txt,Ensemble ML model to predict Soil pH in CaCl suspension using ossl data,mpca_mir_ossl_v1.rds,mpca_visnir_ossl_v1.rds,/soilspectroscopy/ossl_models/pca.ossl/,http://s3.us-east-1.wasabisys.com/soilspectroscopy/ossl_models/ph.cacl2_usda.4c1_index/ap.visnir.mir_mlr..eml_ossl_ll_v1.rds.png,0.857,0.545,14749,/ossl_models/pca.ossl/mpca_mir_visnir_ossl_plot.rds,http://s3.us-east-1.wasabisys.com/soilspectroscopy/ossl_models/ph.cacl2_usda.4c1_index/visnir.mir_mlr..eml_ossl_ll_v1.rds,,http://s3.us-east-1.wasabisys.com/soilspectroscopy/ossl_models/pca.ossl/mpca_mir_ossl_v1.rds
log..al.kcl_usda.4b3_cmolkg,"Aluminum, KCl extractable in cmol/kg",https://soilspectroscopy.github.io/ossl-manual/database.html#al.kcl_usda.4b3_cmolkg,mir,kssl,na,mir_mlr..eml_kssl_na_v1.rds,/soilspectroscopy/ossl_models/log..al.kcl_usda.4b3_cmolkg/,http://s3.us-east-1.wasabisys.com/soilspectroscopy/ossl_models/log..al.kcl_usda.4b3_cmolkg/mir_mlr..eml_kssl_na_v1_resultsFit.txt,"Ensemble ML model to predict Aluminum, KCl extractable in cmol/kg using kssl data",mpca_mir_kssl_v1.rds,,/soilspectroscopy/ossl_models/pca.ossl/,http://s3.us-east-1.wasabisys.com/soilspectroscopy/ossl_models/log..al.kcl_usda.4b3_cmolkg/ap.mir_mlr..eml_kssl_na_v1.rds.png,0.826,0.279,7818,/ossl_models/pca.ossl/mpca_mir_kssl_plot.rds,http://s3.us-east-1.wasabisys.com/soilspectroscopy/ossl_models/log..al.kcl_usda.4b3_cmolkg/mir_mlr..eml_kssl_na_v1.rds,,http://s3.us-east-1.wasabisys.com/soilspectroscopy/ossl_models/pca.ossl/mpca_mir_kssl_v1.rds
log..al.kcl_usda.4b3_cmolkg,"Aluminum, KCl extractable in cmol/kg",https://soilspectroscopy.github.io/ossl-manual/database.html#al.kcl_usda.4b3_cmolkg,mir,kssl,ll,mir_mlr..eml_kssl_ll_v1.rds,/soilspectroscopy/ossl_models/log..al.kcl_usda.4b3_cmolkg/,http://s3.us-east-1.wasabisys.com/soilspectroscopy/ossl_models/log..al.kcl_usda.4b3_cmolkg/mir_mlr..eml_kssl_ll_v1_resultsFit.txt,"Ensemble ML model to predict Aluminum, KCl extractable in cmol/kg using kssl data",mpca_mir_kssl_v1.rds,,/soilspectroscopy/ossl_models/pca.ossl/,http://s3.us-east-1.wasabisys.com/soilspectroscopy/ossl_models/log..al.kcl_usda.4b3_cmolkg/ap.mir_mlr..eml_kssl_ll_v1.rds.png,0.817,0.314,4259,/ossl_models/pca.ossl/mpca_mir_kssl_plot.rds,http://s3.us-east-1.wasabisys.com/soilspectroscopy/ossl_models/log..al.kcl_usda.4b3_cmolkg/mir_mlr..eml_kssl_ll_v1.rds,,http://s3.us-east-1.wasabisys.com/soilspectroscopy/ossl_models/pca.ossl/mpca_mir_kssl_v1.rds
log..al.kcl_usda.4b3_cmolkg,"Aluminum, KCl extractable in cmol/kg",https://soilspectroscopy.github.io/ossl-manual/database.html#al.kcl_usda.4b3_cmolkg,visnir,ossl,na,visnir_mlr..eml_ossl_na_v1.rds,/soilspectroscopy/ossl_models/log..al.kcl_usda.4b3_cmolkg/,http://s3.us-east-1.wasabisys.com/soilspectroscopy/ossl_models/log..al.kcl_usda.4b3_cmolkg/visnir_mlr..eml_ossl_na_v1_resultsFit.txt,"Ensemble ML model to predict Aluminum, KCl extractable in cmol/kg using ossl data",,mpca_visnir_ossl_v1.rds,/soilspectroscopy/ossl_models/pca.ossl/,http://s3.us-east-1.wasabisys.com/soilspectroscopy/ossl_models/log..al.kcl_usda.4b3_cmolkg/ap.visnir_mlr..eml_ossl_na_v1.rds.png,0.426,0.505,8028,/ossl_models/pca.ossl/mpca_visnir_ossl_plot.rds,http://s3.us-east-1.wasabisys.com/soilspectroscopy/ossl_models/log..al.kcl_usda.4b3_cmolkg/visnir_mlr..eml_ossl_na_v1.rds,,http://s3.us-east-1.wasabisys.com/soilspectroscopy/ossl_models/pca.ossl/
log..al.kcl_usda.4b3_cmolkg,"Aluminum, KCl extractable in cmol/kg",https://soilspectroscopy.github.io/ossl-manual/database.html#al.kcl_usda.4b3_cmolkg,mir,ossl,ll,mir_mlr..eml_ossl_ll_v1.rds,/soilspectroscopy/ossl_models/log..al.kcl_usda.4b3_cmolkg/,http://s3.us-east-1.wasabisys.com/soilspectroscopy/ossl_models/log..al.kcl_usda.4b3_cmolkg/mir_mlr..eml_ossl_ll_v1_resultsFit.txt,"Ensemble ML model to predict Aluminum, KCl extractable in cmol/kg using ossl data",mpca_mir_ossl_v1.rds,,/soilspectroscopy/ossl_models/pca.ossl/,http://s3.us-east-1.wasabisys.com/soilspectroscopy/ossl_models/log..al.kcl_usda.4b3_cmolkg/ap.mir_mlr..eml_ossl_ll_v1.rds.png,0.801,0.328,5564,/ossl_models/pca.ossl/mpca_mir_ossl_plot.rds,http://s3.us-east-1.wasabisys.com/soilspectroscopy/ossl_models/log..al.kcl_usda.4b3_cmolkg/mir_mlr..eml_ossl_ll_v1.rds,,http://s3.us-east-1.wasabisys.com/soilspectroscopy/ossl_models/pca.ossl/mpca_mir_ossl_v1.rds
log..al.kcl_usda.4b3_cmolkg,"Aluminum, KCl extractable in cmol/kg",https://soilspectroscopy.github.io/ossl-manual/database.html#al.kcl_usda.4b3_cmolkg,visnir.mir,ossl,ll,visnir.mir_mlr..eml_ossl_ll_v1.rds,/soilspectroscopy/ossl_models/log..al.kcl_usda.4b3_cmolkg/,http://s3.us-east-1.wasabisys.com/soilspectroscopy/ossl_models/log..al.kcl_usda.4b3_cmolkg/visnir.mir_mlr..eml_ossl_ll_v1_resultsFit.txt,"Ensemble ML model to predict Aluminum, KCl extractable in cmol/kg using ossl data",mpca_mir_ossl_v1.rds,mpca_visnir_ossl_v1.rds,/soilspectroscopy/ossl_models/pca.ossl/,http://s3.us-east-1.wasabisys.com/soilspectroscopy/ossl_models/log..al.kcl_usda.4b3_cmolkg/ap.visnir.mir_mlr..eml_ossl_ll_v1.rds.png,0.813,0.318,5557,/ossl_models/pca.ossl/mpca_mir_visnir_ossl_plot.rds,http://s3.us-east-1.wasabisys.com/soilspectroscopy/ossl_models/log..al.kcl_usda.4b3_cmolkg/visnir.mir_mlr..eml_ossl_ll_v1.rds,,http://s3.us-east-1.wasabisys.com/soilspectroscopy/ossl_models/pca.ossl/mpca_mir_ossl_v1.rds
log..k.ext_usda.4b1_cmolkg,"Potassium, NH4OAc Extractable in cmol/kg",https://soilspectroscopy.github.io/ossl-manual/database.html#k.ext_usda.4b1_cmolkg,mir,kssl,na,mir_mlr..eml_kssl_na_v1.rds,/soilspectroscopy/ossl_models/log..k.ext_usda.4b1_cmolkg/,http://s3.us-east-1.wasabisys.com/soilspectroscopy/ossl_models/log..k.ext_usda.4b1_cmolkg/mir_mlr..eml_kssl_na_v1_resultsFit.txt,"Ensemble ML model to predict Potassium, NH4OAc Extractable in cmol/kg using kssl data",mpca_mir_kssl_v1.rds,,/soilspectroscopy/ossl_models/pca.ossl/,http://s3.us-east-1.wasabisys.com/soilspectroscopy/ossl_models/log..k.ext_usda.4b1_cmolkg/ap.mir_mlr..eml_kssl_na_v1.rds.png,0.624,0.296,42451,/ossl_models/pca.ossl/mpca_mir_kssl_plot.rds,http://s3.us-east-1.wasabisys.com/soilspectroscopy/ossl_models/log..k.ext_usda.4b1_cmolkg/mir_mlr..eml_kssl_na_v1.rds,,http://s3.us-east-1.wasabisys.com/soilspectroscopy/ossl_models/pca.ossl/mpca_mir_kssl_v1.rds
log..k.ext_usda.4b1_cmolkg,"Potassium, NH4OAc Extractable in cmol/kg",https://soilspectroscopy.github.io/ossl-manual/database.html#k.ext_usda.4b1_cmolkg,mir,kssl,ll,mir_mlr..eml_kssl_ll_v1.rds,/soilspectroscopy/ossl_models/log..k.ext_usda.4b1_cmolkg/,http://s3.us-east-1.wasabisys.com/soilspectroscopy/ossl_models/log..k.ext_usda.4b1_cmolkg/mir_mlr..eml_kssl_ll_v1_resultsFit.txt,"Ensemble ML model to predict Potassium, NH4OAc Extractable in cmol/kg using kssl data",mpca_mir_kssl_v1.rds,,/soilspectroscopy/ossl_models/pca.ossl/,http://s3.us-east-1.wasabisys.com/soilspectroscopy/ossl_models/log..k.ext_usda.4b1_cmolkg/ap.mir_mlr..eml_kssl_ll_v1.rds.png,0.587,0.208,14869,/ossl_models/pca.ossl/mpca_mir_kssl_plot.rds,http://s3.us-east-1.wasabisys.com/soilspectroscopy/ossl_models/log..k.ext_usda.4b1_cmolkg/mir_mlr..eml_kssl_ll_v1.rds,,http://s3.us-east-1.wasabisys.com/soilspectroscopy/ossl_models/pca.ossl/mpca_mir_kssl_v1.rds
log..k.ext_usda.4b1_cmolkg,"Potassium, NH4OAc Extractable in cmol/kg",https://soilspectroscopy.github.io/ossl-manual/database.html#k.ext_usda.4b1_cmolkg,visnir,ossl,na,visnir_mlr..eml_ossl_na_v1.rds,/soilspectroscopy/ossl_models/log..k.ext_usda.4b1_cmolkg/,http://s3.us-east-1.wasabisys.com/soilspectroscopy/ossl_models/log..k.ext_usda.4b1_cmolkg/visnir_mlr..eml_ossl_na_v1_resultsFit.txt,"Ensemble ML model to predict Potassium, NH4OAc Extractable in cmol/kg using ossl data",,mpca_visnir_ossl_v1.rds,/soilspectroscopy/ossl_models/pca.ossl/,http://s3.us-east-1.wasabisys.com/soilspectroscopy/ossl_models/log..k.ext_usda.4b1_cmolkg/ap.visnir_mlr..eml_ossl_na_v1.rds.png,0.721,0.255,43102,/ossl_models/pca.ossl/mpca_visnir_ossl_plot.rds,http://s3.us-east-1.wasabisys.com/soilspectroscopy/ossl_models/log..k.ext_usda.4b1_cmolkg/visnir_mlr..eml_ossl_na_v1.rds,,http://s3.us-east-1.wasabisys.com/soilspectroscopy/ossl_models/pca.ossl/
log..k.ext_usda.4b1_cmolkg,"Potassium, NH4OAc Extractable in cmol/kg",https://soilspectroscopy.github.io/ossl-manual/database.html#k.ext_usda.4b1_cmolkg,mir,ossl,ll,mir_mlr..eml_ossl_ll_v1.rds,/soilspectroscopy/ossl_models/log..k.ext_usda.4b1_cmolkg/,http://s3.us-east-1.wasabisys.com/soilspectroscopy/ossl_models/log..k.ext_usda.4b1_cmolkg/mir_mlr..eml_ossl_ll_v1_resultsFit.txt,"Ensemble ML model to predict Potassium, NH4OAc Extractable in cmol/kg using ossl data",mpca_mir_ossl_v1.rds,,/soilspectroscopy/ossl_models/pca.ossl/,http://s3.us-east-1.wasabisys.com/soilspectroscopy/ossl_models/log..k.ext_usda.4b1_cmolkg/ap.mir_mlr..eml_ossl_ll_v1.rds.png,0.568,0.21,18014,/ossl_models/pca.ossl/mpca_mir_ossl_plot.rds,http://s3.us-east-1.wasabisys.com/soilspectroscopy/ossl_models/log..k.ext_usda.4b1_cmolkg/mir_mlr..eml_ossl_ll_v1.rds,,http://s3.us-east-1.wasabisys.com/soilspectroscopy/ossl_models/pca.ossl/mpca_mir_ossl_v1.rds
log..k.ext_usda.4b1_cmolkg,"Potassium, NH4OAc Extractable in cmol/kg",https://soilspectroscopy.github.io/ossl-manual/database.html#k.ext_usda.4b1_cmolkg,visnir.mir,ossl,ll,visnir.mir_mlr..eml_ossl_ll_v1.rds,/soilspectroscopy/ossl_models/log..k.ext_usda.4b1_cmolkg/,http://s3.us-east-1.wasabisys.com/soilspectroscopy/ossl_models/log..k.ext_usda.4b1_cmolkg/visnir.mir_mlr..eml_ossl_ll_v1_resultsFit.txt,"Ensemble ML model to predict Potassium, NH4OAc Extractable in cmol/kg using ossl data",mpca_mir_kssl_v1.rds,,/soilspectroscopy/ossl_models/pca.ossl/,http://s3.us-east-1.wasabisys.com/soilspectroscopy/ossl_models/log..k.ext_usda.4b1_cmolkg/ap.visnir.mir_mlr..eml_ossl_ll_v1.rds.png,0.588,0.206,17920,/ossl_models/pca.ossl/mpca_mir_visnir_ossl_plot.rds,http://s3.us-east-1.wasabisys.com/soilspectroscopy/ossl_models/log..k.ext_usda.4b1_cmolkg/visnir.mir_mlr..eml_ossl_ll_v1.rds,,http://s3.us-east-1.wasabisys.com/soilspectroscopy/ossl_models/pca.ossl/mpca_mir_kssl_v1.rds
log..caco3_usda.4e1_wpct,Calcium carbonate content,https://soilspectroscopy.github.io/ossl-manual/database.html#caco3_usda.4e1_wpct,mir,kssl,na,mir_mlr..eml_kssl_na_v1.rds,/soilspectroscopy/ossl_models/log..caco3_usda.4e1_wpct/,http://s3.us-east-1.wasabisys.com/soilspectroscopy/ossl_models/log..caco3_usda.4e1_wpct/mir_mlr..eml_kssl_na_v1_resultsFit.txt,Ensemble ML model to predict Calcium carbonate content using kssl data,mpca_mir_kssl_v1.rds,,/soilspectroscopy/ossl_models/pca.ossl/,http://s3.us-east-1.wasabisys.com/soilspectroscopy/ossl_models/log..caco3_usda.4e1_wpct/ap.mir_mlr..eml_kssl_na_v1.rds.png,0.953,0.252,20064,/ossl_models/pca.ossl/mpca_mir_visnir_ossl_plot.rds,http://s3.us-east-1.wasabisys.com/soilspectroscopy/ossl_models/log..caco3_usda.4e1_wpct/mir_mlr..eml_kssl_na_v1.rds,,http://s3.us-east-1.wasabisys.com/soilspectroscopy/ossl_models/pca.ossl/mpca_mir_kssl_v1.rds
log..caco3_usda.4e1_wpct,Calcium carbonate content,https://soilspectroscopy.github.io/ossl-manual/database.html#caco3_usda.4e1_wpct,mir,kssl,ll,mir_mlr..eml_kssl_ll_v1.rds,/soilspectroscopy/ossl_models/log..caco3_usda.4e1_wpct/,http://s3.us-east-1.wasabisys.com/soilspectroscopy/ossl_models/log..caco3_usda.4e1_wpct/mir_mlr..eml_kssl_ll_v1_resultsFit.txt,Ensemble ML model to predict Calcium carbonate content using kssl data,,mpca_visnir_ossl_v1.rds,/soilspectroscopy/ossl_models/pca.ossl/,http://s3.us-east-1.wasabisys.com/soilspectroscopy/ossl_models/log..caco3_usda.4e1_wpct/ap.mir_mlr..eml_kssl_ll_v1.rds.png,0.964,0.242,7516,/ossl_models/pca.ossl/mpca_mir_visnir_ossl_plot.rds,http://s3.us-east-1.wasabisys.com/soilspectroscopy/ossl_models/log..caco3_usda.4e1_wpct/mir_mlr..eml_kssl_ll_v1.rds,,http://s3.us-east-1.wasabisys.com/soilspectroscopy/ossl_models/pca.ossl/
log..caco3_usda.4e1_wpct,Calcium carbonate content,https://soilspectroscopy.github.io/ossl-manual/database.html#caco3_usda.4e1_wpct,visnir,ossl,na,visnir_mlr..eml_ossl_na_v1.rds,/soilspectroscopy/ossl_models/log..caco3_usda.4e1_wpct/,http://s3.us-east-1.wasabisys.com/soilspectroscopy/ossl_models/log..caco3_usda.4e1_wpct/visnir_mlr..eml_ossl_na_v1_resultsFit.txt,Ensemble ML model to predict Calcium carbonate content using ossl data,mpca_mir_ossl_v1.rds,,/soilspectroscopy/ossl_models/pca.ossl/,http://s3.us-east-1.wasabisys.com/soilspectroscopy/ossl_models/log..caco3_usda.4e1_wpct/ap.visnir_mlr..eml_ossl_na_v1.rds.png,0.614,0.725,20386,/ossl_models/pca.ossl/mpca_mir_visnir_ossl_plot.rds,http://s3.us-east-1.wasabisys.com/soilspectroscopy/ossl_models/log..caco3_usda.4e1_wpct/visnir_mlr..eml_ossl_na_v1.rds,,http://s3.us-east-1.wasabisys.com/soilspectroscopy/ossl_models/pca.ossl/mpca_mir_ossl_v1.rds
log..caco3_usda.4e1_wpct,Calcium carbonate content,https://soilspectroscopy.github.io/ossl-manual/database.html#caco3_usda.4e1_wpct,mir,ossl,ll,mir_mlr..eml_ossl_ll_v1.rds,/soilspectroscopy/ossl_models/log..caco3_usda.4e1_wpct/,http://s3.us-east-1.wasabisys.com/soilspectroscopy/ossl_models/log..caco3_usda.4e1_wpct/mir_mlr..eml_ossl_ll_v1_resultsFit.txt,Ensemble ML model to predict Calcium carbonate content using ossl data,mpca_mir_kssl_v1.rds,,/soilspectroscopy/ossl_models/pca.ossl/,http://s3.us-east-1.wasabisys.com/soilspectroscopy/ossl_models/log..caco3_usda.4e1_wpct/ap.mir_mlr..eml_ossl_ll_v1.rds.png,0.943,0.302,8508,/ossl_models/pca.ossl/mpca_mir_visnir_ossl_plot.rds,http://s3.us-east-1.wasabisys.com/soilspectroscopy/ossl_models/log..caco3_usda.4e1_wpct/mir_mlr..eml_ossl_ll_v1.rds,,http://s3.us-east-1.wasabisys.com/soilspectroscopy/ossl_models/pca.ossl/mpca_mir_kssl_v1.rds
log..caco3_usda.4e1_wpct,Calcium carbonate content,https://soilspectroscopy.github.io/ossl-manual/database.html#caco3_usda.4e1_wpct,visnir.mir,ossl,ll,visnir.mir_mlr..eml_ossl_ll_v1.rds,/soilspectroscopy/ossl_models/log..caco3_usda.4e1_wpct/,http://s3.us-east-1.wasabisys.com/soilspectroscopy/ossl_models/log..caco3_usda.4e1_wpct/visnir.mir_mlr..eml_ossl_ll_v1_resultsFit.txt,Ensemble ML model to predict Calcium carbonate content using ossl data,mpca_mir_kssl_v1.rds,,/soilspectroscopy/ossl_models/pca.ossl/,http://s3.us-east-1.wasabisys.com/soilspectroscopy/ossl_models/log..caco3_usda.4e1_wpct/ap.visnir.mir_mlr..eml_ossl_ll_v1.rds.png,0.95,0.283,8454,/ossl_models/pca.ossl/mpca_mir_visnir_ossl_plot.rds,http://s3.us-east-1.wasabisys.com/soilspectroscopy/ossl_models/log..caco3_usda.4e1_wpct/visnir.mir_mlr..eml_ossl_ll_v1.rds,,http://s3.us-east-1.wasabisys.com/soilspectroscopy/ossl_models/pca.ossl/mpca_mir_kssl_v1.rds
log..mg.ext_usda.4b1_cmolkg,"Magnesium, NH4OAc Extractable in cmol/kg",https://soilspectroscopy.github.io/ossl-manual/database.html#mg.ext_usda.4b1_cmolkg,mir,kssl,na,mir_mlr..eml_kssl_na_v1.rds,/soilspectroscopy/ossl_models/log..mg.ext_usda.4b1_cmolkg/,http://s3.us-east-1.wasabisys.com/soilspectroscopy/ossl_models/log..mg.ext_usda.4b1_cmolkg/mir_mlr..eml_kssl_na_v1_resultsFit.txt,"Ensemble ML model to predict Magnesium, NH4OAc Extractable in cmol/kg using kssl data",,mpca_visnir_ossl_v1.rds,/soilspectroscopy/ossl_models/pca.ossl/,http://s3.us-east-1.wasabisys.com/soilspectroscopy/ossl_models/log..mg.ext_usda.4b1_cmolkg/ap.mir_mlr..eml_kssl_na_v1.rds.png,0.817,0.377,42453,/ossl_models/pca.ossl/mpca_mir_visnir_ossl_plot.rds,http://s3.us-east-1.wasabisys.com/soilspectroscopy/ossl_models/log..mg.ext_usda.4b1_cmolkg/mir_mlr..eml_kssl_na_v1.rds,,http://s3.us-east-1.wasabisys.com/soilspectroscopy/ossl_models/pca.ossl/
log..mg.ext_usda.4b1_cmolkg,"Magnesium, NH4OAc Extractable in cmol/kg",https://soilspectroscopy.github.io/ossl-manual/database.html#mg.ext_usda.4b1_cmolkg,mir,kssl,ll,mir_mlr..eml_kssl_ll_v1.rds,/soilspectroscopy/ossl_models/log..mg.ext_usda.4b1_cmolkg/,http://s3.us-east-1.wasabisys.com/soilspectroscopy/ossl_models/log..mg.ext_usda.4b1_cmolkg/mir_mlr..eml_kssl_ll_v1_resultsFit.txt,"Ensemble ML model to predict Magnesium, NH4OAc Extractable in cmol/kg using kssl data",mpca_mir_ossl_v1.rds,,/soilspectroscopy/ossl_models/pca.ossl/,http://s3.us-east-1.wasabisys.com/soilspectroscopy/ossl_models/log..mg.ext_usda.4b1_cmolkg/ap.mir_mlr..eml_kssl_ll_v1.rds.png,0.814,0.406,14869,/ossl_models/pca.ossl/mpca_mir_visnir_ossl_plot.rds,http://s3.us-east-1.wasabisys.com/soilspectroscopy/ossl_models/log..mg.ext_usda.4b1_cmolkg/mir_mlr..eml_kssl_ll_v1.rds,,http://s3.us-east-1.wasabisys.com/soilspectroscopy/ossl_models/pca.ossl/mpca_mir_ossl_v1.rds
log..mg.ext_usda.4b1_cmolkg,"Magnesium, NH4OAc Extractable in cmol/kg",https://soilspectroscopy.github.io/ossl-manual/database.html#mg.ext_usda.4b1_cmolkg,visnir,ossl,na,visnir_mlr..eml_ossl_na_v1.rds,/soilspectroscopy/ossl_models/log..mg.ext_usda.4b1_cmolkg/,http://s3.us-east-1.wasabisys.com/soilspectroscopy/ossl_models/log..mg.ext_usda.4b1_cmolkg/visnir_mlr..eml_ossl_na_v1_resultsFit.txt,"Ensemble ML model to predict Magnesium, NH4OAc Extractable in cmol/kg using ossl data",mpca_mir_kssl_v1.rds,,/soilspectroscopy/ossl_models/pca.ossl/,http://s3.us-east-1.wasabisys.com/soilspectroscopy/ossl_models/log..mg.ext_usda.4b1_cmolkg/ap.visnir_mlr..eml_ossl_na_v1.rds.png,0.702,0.48,43104,/ossl_models/pca.ossl/mpca_mir_visnir_ossl_plot.rds,http://s3.us-east-1.wasabisys.com/soilspectroscopy/ossl_models/log..mg.ext_usda.4b1_cmolkg/visnir_mlr..eml_ossl_na_v1.rds,,http://s3.us-east-1.wasabisys.com/soilspectroscopy/ossl_models/pca.ossl/mpca_mir_kssl_v1.rds
log..mg.ext_usda.4b1_cmolkg,"Magnesium, NH4OAc Extractable in cmol/kg",https://soilspectroscopy.github.io/ossl-manual/database.html#mg.ext_usda.4b1_cmolkg,mir,ossl,ll,mir_mlr..eml_ossl_ll_v1.rds,/soilspectroscopy/ossl_models/log..mg.ext_usda.4b1_cmolkg/,http://s3.us-east-1.wasabisys.com/soilspectroscopy/ossl_models/log..mg.ext_usda.4b1_cmolkg/mir_mlr..eml_ossl_ll_v1_resultsFit.txt,"Ensemble ML model to predict Magnesium, NH4OAc Extractable in cmol/kg using ossl data",mpca_mir_kssl_v1.rds,,/soilspectroscopy/ossl_models/pca.ossl/,http://s3.us-east-1.wasabisys.com/soilspectroscopy/ossl_models/log..mg.ext_usda.4b1_cmolkg/ap.mir_mlr..eml_ossl_ll_v1.rds.png,0.808,0.417,18014,/ossl_models/pca.ossl/mpca_mir_visnir_ossl_plot.rds,http://s3.us-east-1.wasabisys.com/soilspectroscopy/ossl_models/log..mg.ext_usda.4b1_cmolkg/mir_mlr..eml_ossl_ll_v1.rds,,http://s3.us-east-1.wasabisys.com/soilspectroscopy/ossl_models/pca.ossl/mpca_mir_kssl_v1.rds
log..mg.ext_usda.4b1_cmolkg,"Magnesium, NH4OAc Extractable in cmol/kg",https://soilspectroscopy.github.io/ossl-manual/database.html#mg.ext_usda.4b1_cmolkg,visnir.mir,ossl,ll,visnir.mir_mlr..eml_ossl_ll_v1.rds,/soilspectroscopy/ossl_models/log..mg.ext_usda.4b1_cmolkg/,http://s3.us-east-1.wasabisys.com/soilspectroscopy/ossl_models/log..mg.ext_usda.4b1_cmolkg/visnir.mir_mlr..eml_ossl_ll_v1_resultsFit.txt,"Ensemble ML model to predict Magnesium, NH4OAc Extractable in cmol/kg using ossl data",,mpca_visnir_ossl_v1.rds,/soilspectroscopy/ossl_models/pca.ossl/,http://s3.us-east-1.wasabisys.com/soilspectroscopy/ossl_models/log..mg.ext_usda.4b1_cmolkg/ap.visnir.mir_mlr..eml_ossl_ll_v1.rds.png,0.827,0.395,17920,/ossl_models/pca.ossl/mpca_mir_visnir_ossl_plot.rds,http://s3.us-east-1.wasabisys.com/soilspectroscopy/ossl_models/log..mg.ext_usda.4b1_cmolkg/visnir.mir_mlr..eml_ossl_ll_v1.rds,,http://s3.us-east-1.wasabisys.com/soilspectroscopy/ossl_models/pca.ossl/
log..ca.ext_usda.4b1_cmolkg,"Calcium, NH4OAc Extractable in cmol/kg",https://soilspectroscopy.github.io/ossl-manual/database.html#ca.ext_usda.4b1_cmolkg,mir,kssl,na,mir_mlr..eml_kssl_na_v1.rds,/soilspectroscopy/ossl_models/log..ca.ext_usda.4b1_cmolkg/,http://s3.us-east-1.wasabisys.com/soilspectroscopy/ossl_models/log..ca.ext_usda.4b1_cmolkg/mir_mlr..eml_kssl_na_v1_resultsFit.txt,"Ensemble ML model to predict Calcium, NH4OAc Extractable in cmol/kg using kssl data",mpca_mir_ossl_v1.rds,,/soilspectroscopy/ossl_models/pca.ossl/,http://s3.us-east-1.wasabisys.com/soilspectroscopy/ossl_models/log..ca.ext_usda.4b1_cmolkg/ap.mir_mlr..eml_kssl_na_v1.rds.png,0.916,0.335,42453,/ossl_models/pca.ossl/mpca_mir_visnir_ossl_plot.rds,http://s3.us-east-1.wasabisys.com/soilspectroscopy/ossl_models/log..ca.ext_usda.4b1_cmolkg/mir_mlr..eml_kssl_na_v1.rds,,http://s3.us-east-1.wasabisys.com/soilspectroscopy/ossl_models/pca.ossl/mpca_mir_ossl_v1.rds
log..ca.ext_usda.4b1_cmolkg,"Calcium, NH4OAc Extractable in cmol/kg",https://soilspectroscopy.github.io/ossl-manual/database.html#ca.ext_usda.4b1_cmolkg,mir,kssl,ll,mir_mlr..eml_kssl_ll_v1.rds,/soilspectroscopy/ossl_models/log..ca.ext_usda.4b1_cmolkg/,http://s3.us-east-1.wasabisys.com/soilspectroscopy/ossl_models/log..ca.ext_usda.4b1_cmolkg/mir_mlr..eml_kssl_ll_v1_resultsFit.txt,"Ensemble ML model to predict Calcium, NH4OAc Extractable in cmol/kg using kssl data",mpca_mir_kssl_v1.rds,,/soilspectroscopy/ossl_models/pca.ossl/,http://s3.us-east-1.wasabisys.com/soilspectroscopy/ossl_models/log..ca.ext_usda.4b1_cmolkg/ap.mir_mlr..eml_kssl_ll_v1.rds.png,0.91,0.424,14869,/ossl_models/pca.ossl/mpca_mir_visnir_ossl_plot.rds,http://s3.us-east-1.wasabisys.com/soilspectroscopy/ossl_models/log..ca.ext_usda.4b1_cmolkg/mir_mlr..eml_kssl_ll_v1.rds,,http://s3.us-east-1.wasabisys.com/soilspectroscopy/ossl_models/pca.ossl/mpca_mir_kssl_v1.rds
log..ca.ext_usda.4b1_cmolkg,"Calcium, NH4OAc Extractable in cmol/kg",https://soilspectroscopy.github.io/ossl-manual/database.html#ca.ext_usda.4b1_cmolkg,visnir,ossl,na,visnir_mlr..eml_ossl_na_v1.rds,/soilspectroscopy/ossl_models/log..ca.ext_usda.4b1_cmolkg/,http://s3.us-east-1.wasabisys.com/soilspectroscopy/ossl_models/log..ca.ext_usda.4b1_cmolkg/visnir_mlr..eml_ossl_na_v1_resultsFit.txt,"Ensemble ML model to predict Calcium, NH4OAc Extractable in cmol/kg using ossl data",mpca_mir_kssl_v1.rds,,/soilspectroscopy/ossl_models/pca.ossl/,http://s3.us-east-1.wasabisys.com/soilspectroscopy/ossl_models/log..ca.ext_usda.4b1_cmolkg/ap.visnir_mlr..eml_ossl_na_v1.rds.png,0.692,0.642,43104,/ossl_models/pca.ossl/mpca_mir_visnir_ossl_plot.rds,http://s3.us-east-1.wasabisys.com/soilspectroscopy/ossl_models/log..ca.ext_usda.4b1_cmolkg/visnir_mlr..eml_ossl_na_v1.rds,,http://s3.us-east-1.wasabisys.com/soilspectroscopy/ossl_models/pca.ossl/mpca_mir_kssl_v1.rds
log..ca.ext_usda.4b1_cmolkg,"Calcium, NH4OAc Extractable in cmol/kg",https://soilspectroscopy.github.io/ossl-manual/database.html#ca.ext_usda.4b1_cmolkg,mir,ossl,ll,mir_mlr..eml_ossl_ll_v1.rds,/soilspectroscopy/ossl_models/log..ca.ext_usda.4b1_cmolkg/,http://s3.us-east-1.wasabisys.com/soilspectroscopy/ossl_models/log..ca.ext_usda.4b1_cmolkg/mir_mlr..eml_ossl_ll_v1_resultsFit.txt,"Ensemble ML model to predict Calcium, NH4OAc Extractable in cmol/kg using ossl data",,mpca_visnir_ossl_v1.rds,/soilspectroscopy/ossl_models/pca.ossl/,http://s3.us-east-1.wasabisys.com/soilspectroscopy/ossl_models/log..ca.ext_usda.4b1_cmolkg/ap.mir_mlr..eml_ossl_ll_v1.rds.png,0.905,0.445,18007,/ossl_models/pca.ossl/mpca_mir_visnir_ossl_plot.rds,http://s3.us-east-1.wasabisys.com/soilspectroscopy/ossl_models/log..ca.ext_usda.4b1_cmolkg/mir_mlr..eml_ossl_ll_v1.rds,,http://s3.us-east-1.wasabisys.com/soilspectroscopy/ossl_models/pca.ossl/
log..ca.ext_usda.4b1_cmolkg,"Calcium, NH4OAc Extractable in cmol/kg",https://soilspectroscopy.github.io/ossl-manual/database.html#ca.ext_usda.4b1_cmolkg,visnir.mir,ossl,ll,visnir.mir_mlr..eml_ossl_ll_v1.rds,/soilspectroscopy/ossl_models/log..ca.ext_usda.4b1_cmolkg/,http://s3.us-east-1.wasabisys.com/soilspectroscopy/ossl_models/log..ca.ext_usda.4b1_cmolkg/visnir.mir_mlr..eml_ossl_ll_v1_resultsFit.txt,"Ensemble ML model to predict Calcium, NH4OAc Extractable in cmol/kg using ossl data",mpca_mir_ossl_v1.rds,,/soilspectroscopy/ossl_models/pca.ossl/,http://s3.us-east-1.wasabisys.com/soilspectroscopy/ossl_models/log..ca.ext_usda.4b1_cmolkg/ap.visnir.mir_mlr..eml_ossl_ll_v1.rds.png,0.915,0.419,17913,/ossl_models/pca.ossl/mpca_mir_visnir_ossl_plot.rds,http://s3.us-east-1.wasabisys.com/soilspectroscopy/ossl_models/log..ca.ext_usda.4b1_cmolkg/visnir.mir_mlr..eml_ossl_ll_v1.rds,,http://s3.us-east-1.wasabisys.com/soilspectroscopy/ossl_models/pca.ossl/mpca_mir_ossl_v1.rds
log..gyp_usda.4e2_wpct,Gypsum weight percentage,https://soilspectroscopy.github.io/ossl-manual/database.html#gyp_usda.4e2_wpct,mir,kssl,na,mir_mlr..eml_kssl_na_v1.rds,/soilspectroscopy/ossl_models/log..gyp_usda.4e2_wpct/,http://s3.us-east-1.wasabisys.com/soilspectroscopy/ossl_models/log..gyp_usda.4e2_wpct/mir_mlr..eml_kssl_na_v1_resultsFit.txt,Ensemble ML model to predict Gypsum weight percentage using kssl data,mpca_mir_kssl_v1.rds,,/soilspectroscopy/ossl_models/pca.ossl/,http://s3.us-east-1.wasabisys.com/soilspectroscopy/ossl_models/log..gyp_usda.4e2_wpct/ap.mir_mlr..eml_kssl_na_v1.rds.png,0.866,0.373,3612,/ossl_models/pca.ossl/mpca_mir_visnir_ossl_plot.rds,http://s3.us-east-1.wasabisys.com/soilspectroscopy/ossl_models/log..gyp_usda.4e2_wpct/mir_mlr..eml_kssl_na_v1.rds,,http://s3.us-east-1.wasabisys.com/soilspectroscopy/ossl_models/pca.ossl/mpca_mir_kssl_v1.rds
log..gyp_usda.4e2_wpct,Gypsum weight percentage,https://soilspectroscopy.github.io/ossl-manual/database.html#gyp_usda.4e2_wpct,mir,kssl,ll,mir_mlr..eml_kssl_ll_v1.rds,/soilspectroscopy/ossl_models/log..gyp_usda.4e2_wpct/,http://s3.us-east-1.wasabisys.com/soilspectroscopy/ossl_models/log..gyp_usda.4e2_wpct/mir_mlr..eml_kssl_ll_v1_resultsFit.txt,Ensemble ML model to predict Gypsum weight percentage using kssl data,mpca_mir_kssl_v1.rds,,/soilspectroscopy/ossl_models/pca.ossl/,http://s3.us-east-1.wasabisys.com/soilspectroscopy/ossl_models/log..gyp_usda.4e2_wpct/ap.mir_mlr..eml_kssl_ll_v1.rds.png,0.875,0.368,2954,/ossl_models/pca.ossl/mpca_mir_visnir_ossl_plot.rds,http://s3.us-east-1.wasabisys.com/soilspectroscopy/ossl_models/log..gyp_usda.4e2_wpct/mir_mlr..eml_kssl_ll_v1.rds,,http://s3.us-east-1.wasabisys.com/soilspectroscopy/ossl_models/pca.ossl/mpca_mir_kssl_v1.rds
log..gyp_usda.4e2_wpct,Gypsum weight percentage,https://soilspectroscopy.github.io/ossl-manual/database.html#gyp_usda.4e2_wpct,visnir,ossl,na,visnir_mlr..eml_ossl_na_v1.rds,/soilspectroscopy/ossl_models/log..gyp_usda.4e2_wpct/,http://s3.us-east-1.wasabisys.com/soilspectroscopy/ossl_models/log..gyp_usda.4e2_wpct/visnir_mlr..eml_ossl_na_v1_resultsFit.txt,Ensemble ML model to predict Gypsum weight percentage using ossl data,,mpca_visnir_ossl_v1.rds,/soilspectroscopy/ossl_models/pca.ossl/,http://s3.us-east-1.wasabisys.com/soilspectroscopy/ossl_models/log..gyp_usda.4e2_wpct/ap.visnir_mlr..eml_ossl_na_v1.rds.png,0.71,0.534,3646,/ossl_models/pca.ossl/mpca_mir_visnir_ossl_plot.rds,http://s3.us-east-1.wasabisys.com/soilspectroscopy/ossl_models/log..gyp_usda.4e2_wpct/visnir_mlr..eml_ossl_na_v1.rds,,http://s3.us-east-1.wasabisys.com/soilspectroscopy/ossl_models/pca.ossl/
log..gyp_usda.4e2_wpct,Gypsum weight percentage,https://soilspectroscopy.github.io/ossl-manual/database.html#gyp_usda.4e2_wpct,mir,ossl,ll,mir_mlr..eml_ossl_ll_v1.rds,/soilspectroscopy/ossl_models/log..gyp_usda.4e2_wpct/,http://s3.us-east-1.wasabisys.com/soilspectroscopy/ossl_models/log..gyp_usda.4e2_wpct/mir_mlr..eml_ossl_ll_v1_resultsFit.txt,Ensemble ML model to predict Gypsum weight percentage using ossl data,mpca_mir_ossl_v1.rds,,/soilspectroscopy/ossl_models/pca.ossl/,http://s3.us-east-1.wasabisys.com/soilspectroscopy/ossl_models/log..gyp_usda.4e2_wpct/ap.mir_mlr..eml_ossl_ll_v1.rds.png,0.904,0.323,2954,/ossl_models/pca.ossl/mpca_mir_visnir_ossl_plot.rds,http://s3.us-east-1.wasabisys.com/soilspectroscopy/ossl_models/log..gyp_usda.4e2_wpct/mir_mlr..eml_ossl_ll_v1.rds,,http://s3.us-east-1.wasabisys.com/soilspectroscopy/ossl_models/pca.ossl/mpca_mir_ossl_v1.rds
log..gyp_usda.4e2_wpct,Gypsum weight percentage,https://soilspectroscopy.github.io/ossl-manual/database.html#gyp_usda.4e2_wpct,visnir.mir,ossl,ll,visnir.mir_mlr..eml_ossl_ll_v1.rds,/soilspectroscopy/ossl_models/log..gyp_usda.4e2_wpct/,http://s3.us-east-1.wasabisys.com/soilspectroscopy/ossl_models/log..gyp_usda.4e2_wpct/visnir.mir_mlr..eml_ossl_ll_v1_resultsFit.txt,Ensemble ML model to predict Gypsum weight percentage using ossl data,mpca_mir_kssl_v1.rds,,/soilspectroscopy/ossl_models/pca.ossl/,http://s3.us-east-1.wasabisys.com/soilspectroscopy/ossl_models/log..gyp_usda.4e2_wpct/ap.visnir.mir_mlr..eml_ossl_ll_v1.rds.png,0.882,0.347,2893,/ossl_models/pca.ossl/mpca_mir_visnir_ossl_plot.rds,http://s3.us-east-1.wasabisys.com/soilspectroscopy/ossl_models/log..gyp_usda.4e2_wpct/visnir.mir_mlr..eml_ossl_ll_v1.rds,,http://s3.us-east-1.wasabisys.com/soilspectroscopy/ossl_models/pca.ossl/mpca_mir_kssl_v1.rds
log..cec.ext_usda.4b1_cmolkg,"Cation Exchange Capacity (CEC), NH4OAc, pH 7.0",https://soilspectroscopy.github.io/ossl-manual/database.html#cec.ext_usda.4b1_cmolkg,mir,kssl,na,mir_mlr..eml_kssl_na_v1.rds,/soilspectroscopy/ossl_models/log..cec.ext_usda.4b1_cmolkg/,http://s3.us-east-1.wasabisys.com/soilspectroscopy/ossl_models/log..cec.ext_usda.4b1_cmolkg/mir_mlr..eml_kssl_na_v1_resultsFit.txt,"Ensemble ML model to predict Cation Exchange Capacity (CEC), NH4OAc, pH 7.0 using kssl data",mpca_mir_kssl_v1.rds,,/soilspectroscopy/ossl_models/pca.ossl/,http://s3.us-east-1.wasabisys.com/soilspectroscopy/ossl_models/log..cec.ext_usda.4b1_cmolkg/ap.mir_mlr..eml_kssl_na_v1.rds.png,0.948,0.191,42449,/ossl_models/pca.ossl/mpca_mir_visnir_ossl_plot.rds,http://s3.us-east-1.wasabisys.com/soilspectroscopy/ossl_models/log..cec.ext_usda.4b1_cmolkg/mir_mlr..eml_kssl_na_v1.rds,,http://s3.us-east-1.wasabisys.com/soilspectroscopy/ossl_models/pca.ossl/mpca_mir_kssl_v1.rds
log..cec.ext_usda.4b1_cmolkg,"Cation Exchange Capacity (CEC), NH4OAc, pH 7.0",https://soilspectroscopy.github.io/ossl-manual/database.html#cec.ext_usda.4b1_cmolkg,mir,kssl,ll,mir_mlr..eml_kssl_ll_v1.rds,/soilspectroscopy/ossl_models/log..cec.ext_usda.4b1_cmolkg/,http://s3.us-east-1.wasabisys.com/soilspectroscopy/ossl_models/log..cec.ext_usda.4b1_cmolkg/mir_mlr..eml_kssl_ll_v1_resultsFit.txt,"Ensemble ML model to predict Cation Exchange Capacity (CEC), NH4OAc, pH 7.0 using kssl data",,mpca_visnir_ossl_v1.rds,/soilspectroscopy/ossl_models/pca.ossl/,http://s3.us-east-1.wasabisys.com/soilspectroscopy/ossl_models/log..cec.ext_usda.4b1_cmolkg/ap.mir_mlr..eml_kssl_ll_v1.rds.png,0.931,0.23,14868,/ossl_models/pca.ossl/mpca_mir_visnir_ossl_plot.rds,http://s3.us-east-1.wasabisys.com/soilspectroscopy/ossl_models/log..cec.ext_usda.4b1_cmolkg/mir_mlr..eml_kssl_ll_v1.rds,,http://s3.us-east-1.wasabisys.com/soilspectroscopy/ossl_models/pca.ossl/
log..cec.ext_usda.4b1_cmolkg,"Cation Exchange Capacity (CEC), NH4OAc, pH 7.0",https://soilspectroscopy.github.io/ossl-manual/database.html#cec.ext_usda.4b1_cmolkg,visnir,ossl,na,visnir_mlr..eml_ossl_na_v1.rds,/soilspectroscopy/ossl_models/log..cec.ext_usda.4b1_cmolkg/,http://s3.us-east-1.wasabisys.com/soilspectroscopy/ossl_models/log..cec.ext_usda.4b1_cmolkg/visnir_mlr..eml_ossl_na_v1_resultsFit.txt,"Ensemble ML model to predict Cation Exchange Capacity (CEC), NH4OAc, pH 7.0 using ossl data",mpca_mir_ossl_v1.rds,,/soilspectroscopy/ossl_models/pca.ossl/,http://s3.us-east-1.wasabisys.com/soilspectroscopy/ossl_models/log..cec.ext_usda.4b1_cmolkg/ap.visnir_mlr..eml_ossl_na_v1.rds.png,0.764,0.404,43100,/ossl_models/pca.ossl/mpca_mir_visnir_ossl_plot.rds,http://s3.us-east-1.wasabisys.com/soilspectroscopy/ossl_models/log..cec.ext_usda.4b1_cmolkg/visnir_mlr..eml_ossl_na_v1.rds,,http://s3.us-east-1.wasabisys.com/soilspectroscopy/ossl_models/pca.ossl/mpca_mir_ossl_v1.rds
log..cec.ext_usda.4b1_cmolkg,"Cation Exchange Capacity (CEC), NH4OAc, pH 7.0",https://soilspectroscopy.github.io/ossl-manual/database.html#cec.ext_usda.4b1_cmolkg,mir,ossl,ll,mir_mlr..eml_ossl_ll_v1.rds,/soilspectroscopy/ossl_models/log..cec.ext_usda.4b1_cmolkg/,http://s3.us-east-1.wasabisys.com/soilspectroscopy/ossl_models/log..cec.ext_usda.4b1_cmolkg/mir_mlr..eml_ossl_ll_v1_resultsFit.txt,"Ensemble ML model to predict Cation Exchange Capacity (CEC), NH4OAc, pH 7.0 using ossl data",mpca_mir_kssl_v1.rds,,/soilspectroscopy/ossl_models/pca.ossl/,http://s3.us-east-1.wasabisys.com/soilspectroscopy/ossl_models/log..cec.ext_usda.4b1_cmolkg/ap.mir_mlr..eml_ossl_ll_v1.rds.png,0.916,0.261,17999,/ossl_models/pca.ossl/mpca_mir_visnir_ossl_plot.rds,http://s3.us-east-1.wasabisys.com/soilspectroscopy/ossl_models/log..cec.ext_usda.4b1_cmolkg/mir_mlr..eml_ossl_ll_v1.rds,,http://s3.us-east-1.wasabisys.com/soilspectroscopy/ossl_models/pca.ossl/mpca_mir_kssl_v1.rds
log..cec.ext_usda.4b1_cmolkg,"Cation Exchange Capacity (CEC), NH4OAc, pH 7.0",https://soilspectroscopy.github.io/ossl-manual/database.html#cec.ext_usda.4b1_cmolkg,visnir.mir,ossl,ll,visnir.mir_mlr..eml_ossl_ll_v1.rds,/soilspectroscopy/ossl_models/log..cec.ext_usda.4b1_cmolkg/,http://s3.us-east-1.wasabisys.com/soilspectroscopy/ossl_models/log..cec.ext_usda.4b1_cmolkg/visnir.mir_mlr..eml_ossl_ll_v1_resultsFit.txt,"Ensemble ML model to predict Cation Exchange Capacity (CEC), NH4OAc, pH 7.0 using ossl data",mpca_mir_kssl_v1.rds,,/soilspectroscopy/ossl_models/pca.ossl/,http://s3.us-east-1.wasabisys.com/soilspectroscopy/ossl_models/log..cec.ext_usda.4b1_cmolkg/ap.visnir.mir_mlr..eml_ossl_ll_v1.rds.png,0.925,0.245,17905,/ossl_models/pca.ossl/mpca_mir_visnir_ossl_plot.rds,http://s3.us-east-1.wasabisys.com/soilspectroscopy/ossl_models/log..cec.ext_usda.4b1_cmolkg/visnir.mir_mlr..eml_ossl_ll_v1.rds,,http://s3.us-east-1.wasabisys.com/soilspectroscopy/ossl_models/pca.ossl/mpca_mir_kssl_v1.rds
bsat_usda.4b4_wpct,"Base saturation, NH4OAc, pH7",https://soilspectroscopy.github.io/ossl-manual/database.html#bsat_usda.4b4_wpct,mir,kssl,na,mir_mlr..eml_kssl_na_v1.rds,/soilspectroscopy/ossl_models/bsat_usda.4b4_wpct/,http://s3.us-east-1.wasabisys.com/soilspectroscopy/ossl_models/bsat_usda.4b4_wpct/mir_mlr..eml_kssl_na_v1_resultsFit.txt,"Ensemble ML model to predict Base saturation, NH4OAc, pH7 using kssl data",,mpca_visnir_ossl_v1.rds,/soilspectroscopy/ossl_models/pca.ossl/,http://s3.us-east-1.wasabisys.com/soilspectroscopy/ossl_models/bsat_usda.4b4_wpct/ap.mir_mlr..eml_kssl_na_v1.rds.png,0.801,12,42200,/ossl_models/pca.ossl/mpca_mir_visnir_ossl_plot.rds,http://s3.us-east-1.wasabisys.com/soilspectroscopy/ossl_models/bsat_usda.4b4_wpct/mir_mlr..eml_kssl_na_v1.rds,,http://s3.us-east-1.wasabisys.com/soilspectroscopy/ossl_models/pca.ossl/
bsat_usda.4b4_wpct,"Base saturation, NH4OAc, pH7",https://soilspectroscopy.github.io/ossl-manual/database.html#bsat_usda.4b4_wpct,mir,kssl,ll,mir_mlr..eml_kssl_ll_v1.rds,/soilspectroscopy/ossl_models/bsat_usda.4b4_wpct/,http://s3.us-east-1.wasabisys.com/soilspectroscopy/ossl_models/bsat_usda.4b4_wpct/mir_mlr..eml_kssl_ll_v1_resultsFit.txt,"Ensemble ML model to predict Base saturation, NH4OAc, pH7 using kssl data",mpca_mir_ossl_v1.rds,,/soilspectroscopy/ossl_models/pca.ossl/,http://s3.us-east-1.wasabisys.com/soilspectroscopy/ossl_models/bsat_usda.4b4_wpct/ap.mir_mlr..eml_kssl_ll_v1.rds.png,0.8,14.5,14737,/ossl_models/pca.ossl/mpca_mir_visnir_ossl_plot.rds,http://s3.us-east-1.wasabisys.com/soilspectroscopy/ossl_models/bsat_usda.4b4_wpct/mir_mlr..eml_kssl_ll_v1.rds,,http://s3.us-east-1.wasabisys.com/soilspectroscopy/ossl_models/pca.ossl/mpca_mir_ossl_v1.rds
bsat_usda.4b4_wpct,"Base saturation, NH4OAc, pH7",https://soilspectroscopy.github.io/ossl-manual/database.html#bsat_usda.4b4_wpct,visnir,ossl,na,visnir_mlr..eml_ossl_na_v1.rds,/soilspectroscopy/ossl_models/bsat_usda.4b4_wpct/,http://s3.us-east-1.wasabisys.com/soilspectroscopy/ossl_models/bsat_usda.4b4_wpct/visnir_mlr..eml_ossl_na_v1_resultsFit.txt,"Ensemble ML model to predict Base saturation, NH4OAc, pH7 using ossl data",mpca_mir_kssl_v1.rds,,/soilspectroscopy/ossl_models/pca.ossl/,http://s3.us-east-1.wasabisys.com/soilspectroscopy/ossl_models/bsat_usda.4b4_wpct/ap.visnir_mlr..eml_ossl_na_v1.rds.png,0.581,17.6,42820,/ossl_models/pca.ossl/mpca_mir_visnir_ossl_plot.rds,http://s3.us-east-1.wasabisys.com/soilspectroscopy/ossl_models/bsat_usda.4b4_wpct/visnir_mlr..eml_ossl_na_v1.rds,,http://s3.us-east-1.wasabisys.com/soilspectroscopy/ossl_models/pca.ossl/mpca_mir_kssl_v1.rds
bsat_usda.4b4_wpct,"Base saturation, NH4OAc, pH7",https://soilspectroscopy.github.io/ossl-manual/database.html#bsat_usda.4b4_wpct,mir,ossl,ll,mir_mlr..eml_ossl_ll_v1.rds,/soilspectroscopy/ossl_models/bsat_usda.4b4_wpct/,http://s3.us-east-1.wasabisys.com/soilspectroscopy/ossl_models/bsat_usda.4b4_wpct/mir_mlr..eml_ossl_ll_v1_resultsFit.txt,"Ensemble ML model to predict Base saturation, NH4OAc, pH7 using ossl data",mpca_mir_kssl_v1.rds,,/soilspectroscopy/ossl_models/pca.ossl/,http://s3.us-east-1.wasabisys.com/soilspectroscopy/ossl_models/bsat_usda.4b4_wpct/ap.mir_mlr..eml_ossl_ll_v1.rds.png,0.641,30.3,17705,/ossl_models/pca.ossl/mpca_mir_visnir_ossl_plot.rds,http://s3.us-east-1.wasabisys.com/soilspectroscopy/ossl_models/bsat_usda.4b4_wpct/mir_mlr..eml_ossl_ll_v1.rds,,http://s3.us-east-1.wasabisys.com/soilspectroscopy/ossl_models/pca.ossl/mpca_mir_kssl_v1.rds
bsat_usda.4b4_wpct,"Base saturation, NH4OAc, pH7",https://soilspectroscopy.github.io/ossl-manual/database.html#bsat_usda.4b4_wpct,visnir.mir,ossl,ll,visnir.mir_mlr..eml_ossl_ll_v1.rds,/soilspectroscopy/ossl_models/bsat_usda.4b4_wpct/,http://s3.us-east-1.wasabisys.com/soilspectroscopy/ossl_models/bsat_usda.4b4_wpct/visnir.mir_mlr..eml_ossl_ll_v1_resultsFit.txt,"Ensemble ML model to predict Base saturation, NH4OAc, pH7 using ossl data",,mpca_visnir_ossl_v1.rds,/soilspectroscopy/ossl_models/pca.ossl/,http://s3.us-east-1.wasabisys.com/soilspectroscopy/ossl_models/bsat_usda.4b4_wpct/ap.visnir.mir_mlr..eml_ossl_ll_v1.rds.png,0.621,31.2,17611,/ossl_models/pca.ossl/mpca_mir_visnir_ossl_plot.rds,http://s3.us-east-1.wasabisys.com/soilspectroscopy/ossl_models/bsat_usda.4b4_wpct/visnir.mir_mlr..eml_ossl_ll_v1.rds,,http://s3.us-east-1.wasabisys.com/soilspectroscopy/ossl_models/pca.ossl/
bd.od_usda.3b2_gcm3,Bulk density fine earth over dry in t/m3,https://soilspectroscopy.github.io/ossl-manual/database.html#bd.od_usda.3b2_gcm3,mir,kssl,na,mir_mlr..eml_kssl_na_v1.rds,/soilspectroscopy/ossl_models/bd.od_usda.3b2_gcm3/,http://s3.us-east-1.wasabisys.com/soilspectroscopy/ossl_models/bd.od_usda.3b2_gcm3/mir_mlr..eml_kssl_na_v1_resultsFit.txt,Ensemble ML model to predict Bulk density fine earth over dry in t/m3 using kssl data,mpca_mir_ossl_v1.rds,,/soilspectroscopy/ossl_models/pca.ossl/,http://s3.us-east-1.wasabisys.com/soilspectroscopy/ossl_models/bd.od_usda.3b2_gcm3/ap.mir_mlr..eml_kssl_na_v1.rds.png,0.667,0.165,7251,/ossl_models/pca.ossl/mpca_mir_visnir_ossl_plot.rds,http://s3.us-east-1.wasabisys.com/soilspectroscopy/ossl_models/bd.od_usda.3b2_gcm3/mir_mlr..eml_kssl_na_v1.rds,,http://s3.us-east-1.wasabisys.com/soilspectroscopy/ossl_models/pca.ossl/mpca_mir_ossl_v1.rds
bd.od_usda.3b2_gcm3,Bulk density fine earth over dry in t/m3,https://soilspectroscopy.github.io/ossl-manual/database.html#bd.od_usda.3b2_gcm3,mir,kssl,ll,mir_mlr..eml_kssl_ll_v1.rds,/soilspectroscopy/ossl_models/bd.od_usda.3b2_gcm3/,http://s3.us-east-1.wasabisys.com/soilspectroscopy/ossl_models/bd.od_usda.3b2_gcm3/mir_mlr..eml_kssl_ll_v1_resultsFit.txt,Ensemble ML model to predict Bulk density fine earth over dry in t/m3 using kssl data,mpca_mir_kssl_v1.rds,,/soilspectroscopy/ossl_models/pca.ossl/,http://s3.us-east-1.wasabisys.com/soilspectroscopy/ossl_models/bd.od_usda.3b2_gcm3/ap.mir_mlr..eml_kssl_ll_v1.rds.png,0.662,0.167,6364,/ossl_models/pca.ossl/mpca_mir_visnir_ossl_plot.rds,http://s3.us-east-1.wasabisys.com/soilspectroscopy/ossl_models/bd.od_usda.3b2_gcm3/mir_mlr..eml_kssl_ll_v1.rds,,http://s3.us-east-1.wasabisys.com/soilspectroscopy/ossl_models/pca.ossl/mpca_mir_kssl_v1.rds
bd.od_usda.3b2_gcm3,Bulk density fine earth over dry in t/m3,https://soilspectroscopy.github.io/ossl-manual/database.html#bd.od_usda.3b2_gcm3,visnir,ossl,na,visnir_mlr..eml_ossl_na_v1.rds,/soilspectroscopy/ossl_models/bd.od_usda.3b2_gcm3/,http://s3.us-east-1.wasabisys.com/soilspectroscopy/ossl_models/bd.od_usda.3b2_gcm3/visnir_mlr..eml_ossl_na_v1_resultsFit.txt,Ensemble ML model to predict Bulk density fine earth over dry in t/m3 using ossl data,mpca_mir_kssl_v1.rds,,/soilspectroscopy/ossl_models/pca.ossl/,http://s3.us-east-1.wasabisys.com/soilspectroscopy/ossl_models/bd.od_usda.3b2_gcm3/ap.visnir_mlr..eml_ossl_na_v1.rds.png,0.532,0.197,7544,/ossl_models/pca.ossl/mpca_mir_visnir_ossl_plot.rds,http://s3.us-east-1.wasabisys.com/soilspectroscopy/ossl_models/bd.od_usda.3b2_gcm3/visnir_mlr..eml_ossl_na_v1.rds,,http://s3.us-east-1.wasabisys.com/soilspectroscopy/ossl_models/pca.ossl/mpca_mir_kssl_v1.rds
bd.od_usda.3b2_gcm3,Bulk density fine earth over dry in t/m3,https://soilspectroscopy.github.io/ossl-manual/database.html#bd.od_usda.3b2_gcm3,mir,ossl,ll,mir_mlr..eml_ossl_ll_v1.rds,/soilspectroscopy/ossl_models/bd.od_usda.3b2_gcm3/,http://s3.us-east-1.wasabisys.com/soilspectroscopy/ossl_models/bd.od_usda.3b2_gcm3/mir_mlr..eml_ossl_ll_v1_resultsFit.txt,Ensemble ML model to predict Bulk density fine earth over dry in t/m3 using ossl data,,mpca_visnir_ossl_v1.rds,/soilspectroscopy/ossl_models/pca.ossl/,http://s3.us-east-1.wasabisys.com/soilspectroscopy/ossl_models/bd.od_usda.3b2_gcm3/ap.mir_mlr..eml_ossl_ll_v1.rds.png,0.688,0.168,7217,/ossl_models/pca.ossl/mpca_mir_visnir_ossl_plot.rds,http://s3.us-east-1.wasabisys.com/soilspectroscopy/ossl_models/bd.od_usda.3b2_gcm3/mir_mlr..eml_ossl_ll_v1.rds,,http://s3.us-east-1.wasabisys.com/soilspectroscopy/ossl_models/pca.ossl/
bd.od_usda.3b2_gcm3,Bulk density fine earth over dry in t/m3,https://soilspectroscopy.github.io/ossl-manual/database.html#bd.od_usda.3b2_gcm3,visnir.mir,ossl,ll,visnir.mir_mlr..eml_ossl_ll_v1.rds,/soilspectroscopy/ossl_models/bd.od_usda.3b2_gcm3/,http://s3.us-east-1.wasabisys.com/soilspectroscopy/ossl_models/bd.od_usda.3b2_gcm3/visnir.mir_mlr..eml_ossl_ll_v1_resultsFit.txt,Ensemble ML model to predict Bulk density fine earth over dry in t/m3 using ossl data,mpca_mir_ossl_v1.rds,,/soilspectroscopy/ossl_models/pca.ossl/,http://s3.us-east-1.wasabisys.com/soilspectroscopy/ossl_models/bd.od_usda.3b2_gcm3/ap.visnir.mir_mlr..eml_ossl_ll_v1.rds.png,0.707,0.163,7172,/ossl_models/pca.ossl/mpca_mir_visnir_ossl_plot.rds,http://s3.us-east-1.wasabisys.com/soilspectroscopy/ossl_models/bd.od_usda.3b2_gcm3/visnir.mir_mlr..eml_ossl_ll_v1.rds,,http://s3.us-east-1.wasabisys.com/soilspectroscopy/ossl_models/pca.ossl/mpca_mir_ossl_v1.rds
